#
# TABLE STRUCTURE FOR: media
#

DROP TABLE IF EXISTS `media`;

CREATE TABLE `media` (
  `id` bigint(20) unsigned NOT NULL AUTO_INCREMENT,
  `media_type_id` bigint(20) unsigned DEFAULT NULL,
  `user_id` bigint(20) unsigned NOT NULL,
  `body` text COLLATE utf8mb4_unicode_ci DEFAULT NULL,
  `filename` varchar(255) COLLATE utf8mb4_unicode_ci DEFAULT NULL,
  `size` int(11) DEFAULT NULL,
  `metadata` longtext CHARACTER SET utf8mb4 COLLATE utf8mb4_bin DEFAULT NULL CHECK (json_valid(`metadata`)),
  `created_at` datetime DEFAULT current_timestamp(),
  `updated_at` datetime DEFAULT current_timestamp() ON UPDATE current_timestamp(),
  PRIMARY KEY (`id`),
  KEY `user_id` (`user_id`),
  KEY `media_type_id` (`media_type_id`),
  CONSTRAINT `media_ibfk_1` FOREIGN KEY (`user_id`) REFERENCES `users` (`id`) ON DELETE CASCADE ON UPDATE CASCADE,
  CONSTRAINT `media_ibfk_2` FOREIGN KEY (`media_type_id`) REFERENCES `media_types` (`id`) ON DELETE SET NULL ON UPDATE CASCADE
) ENGINE=InnoDB AUTO_INCREMENT=101 DEFAULT CHARSET=utf8mb4 COLLATE=utf8mb4_unicode_ci;

INSERT INTO `media` (`id`, `media_type_id`, `user_id`, `body`, `filename`, `size`, `metadata`, `created_at`, `updated_at`) VALUES ('1', '5', '1', 'Omnis sint dolore sint qui fugit. Eum voluptates in aut fugit voluptatum consequatur. Fugit culpa aut est odit sint velit.', 'et', 80, NULL, '1989-10-25 06:16:50', '1975-04-24 19:29:45');
INSERT INTO `media` (`id`, `media_type_id`, `user_id`, `body`, `filename`, `size`, `metadata`, `created_at`, `updated_at`) VALUES ('2', '7', '2', 'Quo ea fuga expedita. Occaecati consectetur corrupti et ut soluta culpa nihil. Consequatur quo est rerum accusantium dicta. Quia ratione modi quia autem.', 'laudantium', 613679, NULL, '1999-04-27 07:22:38', '1983-08-09 04:09:30');
INSERT INTO `media` (`id`, `media_type_id`, `user_id`, `body`, `filename`, `size`, `metadata`, `created_at`, `updated_at`) VALUES ('3', '10', '3', 'Corrupti adipisci perspiciatis iusto consequatur. Vel dolores quae consequuntur repellendus nostrum. Earum dignissimos earum quo porro. Reprehenderit magnam autem esse eum amet ipsa quibusdam.', 'dolorem', 789888, NULL, '1976-02-03 10:53:20', '2008-08-27 10:59:08');
INSERT INTO `media` (`id`, `media_type_id`, `user_id`, `body`, `filename`, `size`, `metadata`, `created_at`, `updated_at`) VALUES ('4', '2', '4', 'Nesciunt quis iste numquam non. Ut nihil dicta itaque veniam. Et fuga vero aut.', 'nobis', 786065830, NULL, '1985-01-10 10:57:39', '1988-03-02 01:57:04');
INSERT INTO `media` (`id`, `media_type_id`, `user_id`, `body`, `filename`, `size`, `metadata`, `created_at`, `updated_at`) VALUES ('5', '5', '5', 'Beatae qui iste molestiae qui consequatur delectus animi. Qui nisi autem qui dolores aut et. A vero reiciendis sunt perspiciatis quod. Laboriosam et ex enim rerum est et qui. Iste magni quibusdam autem qui molestiae.', 'ea', 7, NULL, '1990-09-02 00:15:24', '2010-01-11 22:59:00');
INSERT INTO `media` (`id`, `media_type_id`, `user_id`, `body`, `filename`, `size`, `metadata`, `created_at`, `updated_at`) VALUES ('6', '6', '6', 'Impedit quia veritatis ad expedita amet repudiandae. Quasi ex debitis occaecati corporis aperiam. Est quis maxime sit facilis maxime iusto earum vero. Sint repellendus accusantium facilis.', 'voluptas', 44222189, NULL, '1985-12-27 00:49:16', '1988-05-20 22:50:57');
INSERT INTO `media` (`id`, `media_type_id`, `user_id`, `body`, `filename`, `size`, `metadata`, `created_at`, `updated_at`) VALUES ('7', '8', '7', 'Sunt aliquam et laudantium et nihil porro rerum ad. Necessitatibus magnam quis magnam qui. Illum reiciendis qui ad. Autem praesentium eum expedita ratione.', 'soluta', 857, NULL, '2019-12-28 17:27:22', '1972-04-13 15:58:42');
INSERT INTO `media` (`id`, `media_type_id`, `user_id`, `body`, `filename`, `size`, `metadata`, `created_at`, `updated_at`) VALUES ('8', '3', '8', 'Quia ducimus quod optio aut eligendi sit. Veritatis vel id doloribus deleniti ex optio temporibus. Sit expedita laborum ea aliquid vitae.', 'voluptatem', 48204146, NULL, '2008-10-13 01:46:25', '2013-05-08 18:31:25');
INSERT INTO `media` (`id`, `media_type_id`, `user_id`, `body`, `filename`, `size`, `metadata`, `created_at`, `updated_at`) VALUES ('9', '2', '9', 'Consectetur vel unde fuga sunt rem dignissimos quia. Tenetur sit qui et in dignissimos similique. Ducimus magni voluptate et tenetur eum.', 'impedit', 91, NULL, '1990-08-20 06:35:46', '1979-02-06 15:13:14');
INSERT INTO `media` (`id`, `media_type_id`, `user_id`, `body`, `filename`, `size`, `metadata`, `created_at`, `updated_at`) VALUES ('10', '10', '10', 'Qui eos nobis nam nam porro reiciendis. Ea voluptas assumenda et non deleniti. Fuga et blanditiis earum et. Alias explicabo odio aut natus sunt.', 'eos', 18731, NULL, '1996-10-10 10:31:41', '2008-08-18 12:09:11');
INSERT INTO `media` (`id`, `media_type_id`, `user_id`, `body`, `filename`, `size`, `metadata`, `created_at`, `updated_at`) VALUES ('11', '2', '11', 'Libero quasi nobis qui consequatur ipsa quia ratione assumenda. Quas consequatur quia ea quas nihil voluptatibus quod. Labore voluptates odio molestiae quas. Quos perspiciatis similique sint facilis.', 'odit', 152320426, NULL, '2001-01-11 02:59:24', '2004-12-13 11:30:27');
INSERT INTO `media` (`id`, `media_type_id`, `user_id`, `body`, `filename`, `size`, `metadata`, `created_at`, `updated_at`) VALUES ('12', '4', '12', 'Est cupiditate sit quidem facilis reprehenderit quo. Fuga recusandae rerum quis ut est atque. Neque optio aut delectus. Minima pariatur quia ullam harum ipsam nostrum.', 'tempore', 129, NULL, '2001-08-11 20:57:32', '1970-05-16 17:46:44');
INSERT INTO `media` (`id`, `media_type_id`, `user_id`, `body`, `filename`, `size`, `metadata`, `created_at`, `updated_at`) VALUES ('13', '2', '13', 'Error deleniti quas voluptas cupiditate illum. Dolores neque illo velit officia omnis repellendus dolorem. Aliquam ea id dolores omnis est rerum. Vero ratione quis sed.', 'ex', 4, NULL, '2010-12-26 17:23:22', '1970-03-10 14:58:51');
INSERT INTO `media` (`id`, `media_type_id`, `user_id`, `body`, `filename`, `size`, `metadata`, `created_at`, `updated_at`) VALUES ('14', '3', '14', 'Sit voluptates alias voluptates non omnis. Sunt laudantium cum eligendi nisi sint.', 'molestias', 7099510, NULL, '1978-02-09 23:12:52', '2021-04-21 00:35:58');
INSERT INTO `media` (`id`, `media_type_id`, `user_id`, `body`, `filename`, `size`, `metadata`, `created_at`, `updated_at`) VALUES ('15', '7', '15', 'Eum qui aut consequatur amet vitae odit rem. Et sit ipsa doloremque quibusdam quam corrupti rerum. Repudiandae quia fuga sit eligendi sint eos a et. Debitis sit beatae quos aliquam qui deleniti placeat aut.', 'minima', 0, NULL, '1987-09-18 10:20:20', '1984-09-14 02:44:46');
INSERT INTO `media` (`id`, `media_type_id`, `user_id`, `body`, `filename`, `size`, `metadata`, `created_at`, `updated_at`) VALUES ('16', '6', '16', 'Aut magnam sint natus nostrum ullam porro. Repellendus mollitia numquam aspernatur ut. Omnis nulla enim accusamus placeat in impedit. Laboriosam nam quia quis quis qui veniam molestiae.', 'dolor', 2805208, NULL, '2020-10-20 04:23:21', '1992-03-19 18:48:16');
INSERT INTO `media` (`id`, `media_type_id`, `user_id`, `body`, `filename`, `size`, `metadata`, `created_at`, `updated_at`) VALUES ('17', '9', '17', 'At et odio enim est. Quo reprehenderit non rerum nihil ratione molestiae ut. Soluta totam illum et dolor quia in.', 'blanditiis', 776072761, NULL, '2011-11-26 04:16:49', '1995-10-19 22:43:02');
INSERT INTO `media` (`id`, `media_type_id`, `user_id`, `body`, `filename`, `size`, `metadata`, `created_at`, `updated_at`) VALUES ('18', '6', '18', 'Est ut nemo mollitia dolorum pariatur reprehenderit. Voluptate maxime voluptatum ex qui laborum. Qui officiis excepturi quia vel illum. Aut recusandae dolorem quisquam assumenda distinctio.', 'sunt', 7740, NULL, '1970-09-27 10:34:47', '1987-08-19 15:44:45');
INSERT INTO `media` (`id`, `media_type_id`, `user_id`, `body`, `filename`, `size`, `metadata`, `created_at`, `updated_at`) VALUES ('19', '4', '19', 'Consequatur aperiam rerum amet non quis id. Non consequatur temporibus accusamus pariatur nemo vero qui. Sequi et et accusantium voluptatem et.', 'unde', 0, NULL, '2005-11-28 13:58:36', '1993-03-07 04:29:16');
INSERT INTO `media` (`id`, `media_type_id`, `user_id`, `body`, `filename`, `size`, `metadata`, `created_at`, `updated_at`) VALUES ('20', '2', '20', 'Sit omnis eum ratione a dolores. Reiciendis dolores voluptatem earum voluptatem assumenda autem hic. Voluptatem sed officiis asperiores qui. Sit odit est consequuntur itaque cumque.', 'consequatur', 784376, NULL, '1989-10-06 14:14:47', '2000-12-02 21:58:47');
INSERT INTO `media` (`id`, `media_type_id`, `user_id`, `body`, `filename`, `size`, `metadata`, `created_at`, `updated_at`) VALUES ('21', '1', '21', 'Rerum quae velit autem odit est eius voluptas. Perferendis rerum in modi eligendi.', 'repudiandae', 337223276, NULL, '1982-11-21 22:26:09', '2011-09-11 16:00:42');
INSERT INTO `media` (`id`, `media_type_id`, `user_id`, `body`, `filename`, `size`, `metadata`, `created_at`, `updated_at`) VALUES ('22', '3', '22', 'Quod at deleniti vel id. Consectetur aliquam quidem consectetur et temporibus unde quam corrupti. Reiciendis vel consequatur molestiae officiis praesentium numquam velit. Dolores sunt reiciendis ut et.', 'illum', 49671556, NULL, '1981-08-24 23:46:33', '2015-02-13 11:23:03');
INSERT INTO `media` (`id`, `media_type_id`, `user_id`, `body`, `filename`, `size`, `metadata`, `created_at`, `updated_at`) VALUES ('23', '6', '23', 'Sed et deleniti pariatur sunt eum ut non ipsam. Ea nihil qui autem maxime illum illum. Et quia omnis sint sint aliquam.', 'atque', 90836, NULL, '1996-09-10 18:27:13', '2016-06-26 06:25:50');
INSERT INTO `media` (`id`, `media_type_id`, `user_id`, `body`, `filename`, `size`, `metadata`, `created_at`, `updated_at`) VALUES ('24', '10', '24', 'Excepturi repellendus earum quam facere necessitatibus a non. Excepturi est cupiditate dignissimos repellat quas dicta impedit. Ad harum corporis libero sed officiis officiis tenetur. Accusantium praesentium sed maiores sint.', 'ullam', 356087, NULL, '2022-08-16 10:20:07', '2021-02-08 18:51:17');
INSERT INTO `media` (`id`, `media_type_id`, `user_id`, `body`, `filename`, `size`, `metadata`, `created_at`, `updated_at`) VALUES ('25', '4', '25', 'Ea eveniet fuga possimus dolor recusandae nam. Nobis et sed non.', 'numquam', 7211740, NULL, '1996-03-19 02:41:16', '2017-12-08 19:50:13');
INSERT INTO `media` (`id`, `media_type_id`, `user_id`, `body`, `filename`, `size`, `metadata`, `created_at`, `updated_at`) VALUES ('26', '9', '26', 'Nostrum et sunt quos eos dolorem. Maxime eos praesentium vero consectetur ab labore dignissimos asperiores. In accusantium qui est delectus consectetur. Consequatur omnis magnam similique iusto.', 'modi', 77631, NULL, '2014-01-21 16:53:29', '2016-07-23 07:32:51');
INSERT INTO `media` (`id`, `media_type_id`, `user_id`, `body`, `filename`, `size`, `metadata`, `created_at`, `updated_at`) VALUES ('27', '1', '27', 'Sed aut rerum dolor aperiam vitae. Dignissimos rem enim quidem architecto aperiam sed. Omnis qui eligendi porro consequuntur ea quos dignissimos.', 'voluptatum', 9337, NULL, '1991-02-10 08:34:47', '1978-06-16 02:01:00');
INSERT INTO `media` (`id`, `media_type_id`, `user_id`, `body`, `filename`, `size`, `metadata`, `created_at`, `updated_at`) VALUES ('28', '7', '28', 'Harum qui nam qui dolor. Voluptatem voluptatem fuga ipsum tenetur id. Sit consequatur et ut tempora est sint amet. At sapiente temporibus in explicabo reprehenderit laborum alias.', 'et', 268753, NULL, '2015-06-15 17:43:20', '1990-09-02 01:46:29');
INSERT INTO `media` (`id`, `media_type_id`, `user_id`, `body`, `filename`, `size`, `metadata`, `created_at`, `updated_at`) VALUES ('29', '5', '29', 'Non sit ut optio aut. Provident nostrum repellendus molestias architecto saepe voluptas. Unde distinctio eveniet quia eius quod omnis perferendis.', 'est', 3326, NULL, '2008-12-13 18:32:49', '1980-09-07 07:22:28');
INSERT INTO `media` (`id`, `media_type_id`, `user_id`, `body`, `filename`, `size`, `metadata`, `created_at`, `updated_at`) VALUES ('30', '2', '30', 'Sit earum a minima neque illum. Non enim illo ut quae. Ad nobis ut dolorum et aut. Inventore eveniet saepe voluptatem tempore qui laudantium. Explicabo quam reiciendis totam dolores vel est.', 'veniam', 173, NULL, '1985-06-03 18:40:27', '1993-12-23 18:10:28');
INSERT INTO `media` (`id`, `media_type_id`, `user_id`, `body`, `filename`, `size`, `metadata`, `created_at`, `updated_at`) VALUES ('31', '9', '31', 'Quibusdam in a voluptatem ullam inventore deserunt. Cupiditate odio reiciendis dolor. Sed voluptas est nulla officiis illum sit. Mollitia et repellat sunt sapiente quidem aliquam quis.', 'omnis', 409, NULL, '2010-06-15 23:39:31', '2010-10-07 22:35:24');
INSERT INTO `media` (`id`, `media_type_id`, `user_id`, `body`, `filename`, `size`, `metadata`, `created_at`, `updated_at`) VALUES ('32', '9', '32', 'Reiciendis deleniti tempora ullam sit alias ad. Quas rerum delectus asperiores. Ratione animi eius et qui in tempore. Voluptate quidem quis enim.', 'nam', 698565897, NULL, '1976-07-14 06:03:19', '2010-11-15 07:20:22');
INSERT INTO `media` (`id`, `media_type_id`, `user_id`, `body`, `filename`, `size`, `metadata`, `created_at`, `updated_at`) VALUES ('33', '8', '33', 'Ut rerum quibusdam vel labore qui. Earum enim officiis voluptatem voluptatem quaerat magni. Ducimus ipsum quis voluptas perferendis veniam id. Cumque eaque libero et veniam dolorem. Laborum est quo neque pariatur aut nobis autem.', 'ullam', 43, NULL, '2009-03-09 04:48:03', '2014-06-27 15:22:48');
INSERT INTO `media` (`id`, `media_type_id`, `user_id`, `body`, `filename`, `size`, `metadata`, `created_at`, `updated_at`) VALUES ('34', '8', '34', 'Est quasi sapiente voluptate maxime unde eius dolorum. Eos occaecati quisquam rem aspernatur et quidem quia. Non omnis delectus rem dolores velit delectus quaerat.', 'impedit', 653326770, NULL, '2010-11-06 21:52:38', '1970-04-01 14:52:17');
INSERT INTO `media` (`id`, `media_type_id`, `user_id`, `body`, `filename`, `size`, `metadata`, `created_at`, `updated_at`) VALUES ('35', '1', '35', 'Dolore non et voluptatum assumenda. Adipisci et ipsa et beatae. Officiis molestiae earum dolor ut. Fugit rem qui distinctio expedita.', 'porro', 0, NULL, '2007-08-30 14:12:22', '1971-01-12 22:03:34');
INSERT INTO `media` (`id`, `media_type_id`, `user_id`, `body`, `filename`, `size`, `metadata`, `created_at`, `updated_at`) VALUES ('36', '3', '36', 'Saepe delectus sed ipsam odio. Molestias perferendis nam perferendis qui quidem. Eaque omnis fugiat aut magni qui repudiandae.', 'alias', 138297, NULL, '1974-05-31 17:52:23', '2000-02-11 00:31:17');
INSERT INTO `media` (`id`, `media_type_id`, `user_id`, `body`, `filename`, `size`, `metadata`, `created_at`, `updated_at`) VALUES ('37', '4', '37', 'Repudiandae nostrum quis rerum sunt molestiae saepe. Dolores voluptatem ut quis. Molestiae illum nam fugiat et et commodi consectetur.', 'accusantium', 184, NULL, '1981-05-08 20:47:04', '1982-07-05 07:38:45');
INSERT INTO `media` (`id`, `media_type_id`, `user_id`, `body`, `filename`, `size`, `metadata`, `created_at`, `updated_at`) VALUES ('38', '8', '38', 'Beatae qui nulla illum consequatur illum aut ut. Eaque rerum quo id consequatur. Deleniti repellendus eos temporibus et. Odit unde deserunt mollitia amet quibusdam molestias.', 'quia', 1, NULL, '2022-04-18 09:54:28', '1999-04-20 11:12:37');
INSERT INTO `media` (`id`, `media_type_id`, `user_id`, `body`, `filename`, `size`, `metadata`, `created_at`, `updated_at`) VALUES ('39', '6', '39', 'Aliquid earum magni aliquid totam amet fugit. Nobis aspernatur voluptatem consequatur ipsum ipsa nemo. Quos molestias illo aperiam. Ipsa deleniti rerum nihil eum sint magnam.', 'laudantium', 29349506, NULL, '2005-01-26 16:28:17', '2012-12-06 15:05:59');
INSERT INTO `media` (`id`, `media_type_id`, `user_id`, `body`, `filename`, `size`, `metadata`, `created_at`, `updated_at`) VALUES ('40', '5', '40', 'Sapiente ipsum quis consequatur ducimus animi consequuntur. Et suscipit aperiam eum quis. Neque repellat veritatis sit.', 'est', 73, NULL, '2004-08-04 22:07:19', '1979-09-26 07:34:30');
INSERT INTO `media` (`id`, `media_type_id`, `user_id`, `body`, `filename`, `size`, `metadata`, `created_at`, `updated_at`) VALUES ('41', '8', '41', 'Iure nihil nam non suscipit quos qui modi. Eveniet vel et porro quia officia. Similique necessitatibus possimus nihil molestias et esse. Nobis qui ipsam tenetur.', 'iste', 0, NULL, '1982-04-04 19:48:24', '1991-02-13 17:56:52');
INSERT INTO `media` (`id`, `media_type_id`, `user_id`, `body`, `filename`, `size`, `metadata`, `created_at`, `updated_at`) VALUES ('42', '8', '42', 'Dolore qui omnis incidunt molestias. Et qui delectus libero soluta fugiat. Mollitia consequuntur omnis vero sint provident quia molestiae. Ipsum ut dolores aut quo.', 'at', 178885, NULL, '1996-11-14 12:30:03', '1979-07-06 07:16:19');
INSERT INTO `media` (`id`, `media_type_id`, `user_id`, `body`, `filename`, `size`, `metadata`, `created_at`, `updated_at`) VALUES ('43', '8', '43', 'Nobis voluptatem illo molestiae ab nihil. Dolor est reiciendis quis delectus. Facere a ut voluptatem magnam quibusdam vero.', 'fugiat', 6850, NULL, '1983-05-25 09:58:15', '2015-08-11 13:22:47');
INSERT INTO `media` (`id`, `media_type_id`, `user_id`, `body`, `filename`, `size`, `metadata`, `created_at`, `updated_at`) VALUES ('44', '10', '44', 'Omnis similique culpa unde ut ducimus aut. Vel cupiditate alias adipisci hic sit saepe. Corporis sit facilis ea earum ea ullam. Quaerat qui doloremque ut quaerat eveniet est.', 'voluptas', 68813, NULL, '1999-12-10 22:44:31', '1971-09-19 01:39:02');
INSERT INTO `media` (`id`, `media_type_id`, `user_id`, `body`, `filename`, `size`, `metadata`, `created_at`, `updated_at`) VALUES ('45', '10', '45', 'Consequatur cum tempora dolores laborum tempore quo. Earum earum et cum ab. Dolores dolores excepturi est nulla quo rerum debitis.', 'fugiat', 4341, NULL, '2005-05-21 05:40:54', '2000-02-01 17:28:14');
INSERT INTO `media` (`id`, `media_type_id`, `user_id`, `body`, `filename`, `size`, `metadata`, `created_at`, `updated_at`) VALUES ('46', '5', '46', 'Quos sed voluptatum quidem ex quaerat. Ea dolores sit doloremque nihil dolores est voluptatem quae. Ut aut nesciunt voluptas reprehenderit voluptatibus dolorum.', 'modi', 730917, NULL, '1996-04-08 10:22:51', '1977-12-27 21:04:08');
INSERT INTO `media` (`id`, `media_type_id`, `user_id`, `body`, `filename`, `size`, `metadata`, `created_at`, `updated_at`) VALUES ('47', '5', '47', 'Architecto officia quos debitis aliquam non porro. Nisi quisquam temporibus optio minus iusto sapiente ut. Aliquid sequi facilis culpa quaerat praesentium voluptatem. Laborum eos ea reprehenderit dolor nostrum occaecati. Ipsa enim voluptate laboriosam qui ullam.', 'et', 17245648, NULL, '1985-10-28 09:04:01', '2022-01-07 12:47:31');
INSERT INTO `media` (`id`, `media_type_id`, `user_id`, `body`, `filename`, `size`, `metadata`, `created_at`, `updated_at`) VALUES ('48', '8', '48', 'Est facere error fuga id quod enim at debitis. Libero perferendis error praesentium. Consectetur quo autem fugiat voluptates adipisci adipisci sit vel. Error assumenda ut ut minus.', 'et', 5804772, NULL, '2011-05-26 12:57:41', '1987-12-25 23:17:25');
INSERT INTO `media` (`id`, `media_type_id`, `user_id`, `body`, `filename`, `size`, `metadata`, `created_at`, `updated_at`) VALUES ('49', '10', '49', 'Libero eaque delectus omnis repudiandae sapiente quam in. Corrupti rerum quidem et reprehenderit perspiciatis ut.', 'quaerat', 458, NULL, '1970-09-12 19:57:32', '2016-09-02 00:55:46');
INSERT INTO `media` (`id`, `media_type_id`, `user_id`, `body`, `filename`, `size`, `metadata`, `created_at`, `updated_at`) VALUES ('50', '8', '50', 'Sed quia quam at et odit dolorum officiis. Sunt culpa repellendus tempora dignissimos ab.', 'tenetur', 2493, NULL, '2003-08-21 18:53:37', '2014-06-11 01:22:04');
INSERT INTO `media` (`id`, `media_type_id`, `user_id`, `body`, `filename`, `size`, `metadata`, `created_at`, `updated_at`) VALUES ('51', '10', '51', 'Est consequatur minus ut illum accusamus sit occaecati. Non nulla libero et dolores non rem. Quisquam voluptatum culpa nihil. Ut illum unde quae.', 'cupiditate', 0, NULL, '1971-05-06 04:42:53', '2010-09-06 19:33:28');
INSERT INTO `media` (`id`, `media_type_id`, `user_id`, `body`, `filename`, `size`, `metadata`, `created_at`, `updated_at`) VALUES ('52', '1', '52', 'Quae nesciunt est ab nihil earum est non. Rem autem laborum commodi maxime. Ut rerum quis eaque soluta. Fugit voluptate eum ipsa unde eius ut.', 'harum', 8616705, NULL, '1976-10-05 10:49:26', '1972-05-22 15:22:32');
INSERT INTO `media` (`id`, `media_type_id`, `user_id`, `body`, `filename`, `size`, `metadata`, `created_at`, `updated_at`) VALUES ('53', '1', '53', 'Qui reprehenderit quos et culpa consequatur. Quibusdam dolorum cumque nostrum voluptas ut laboriosam. Corrupti rerum aliquid ut ipsam dolorem provident commodi soluta. Eveniet est accusantium autem amet id. Itaque aspernatur inventore est quis.', 'magni', 393070430, NULL, '1991-08-18 09:20:00', '2004-01-10 07:45:06');
INSERT INTO `media` (`id`, `media_type_id`, `user_id`, `body`, `filename`, `size`, `metadata`, `created_at`, `updated_at`) VALUES ('54', '5', '54', 'Et sunt quibusdam deserunt labore. Est quis mollitia non fugiat tempore iste. Sunt fugit aperiam eos aliquam nisi dolorem sit quis.', 'repellendus', 721696, NULL, '2008-05-27 01:23:22', '1997-05-09 17:23:34');
INSERT INTO `media` (`id`, `media_type_id`, `user_id`, `body`, `filename`, `size`, `metadata`, `created_at`, `updated_at`) VALUES ('55', '10', '55', 'Nam incidunt beatae ratione et aspernatur. Maxime facere sequi officiis fugit corrupti ad quae dolor.', 'deleniti', 4652, NULL, '1996-02-25 22:52:43', '2019-06-30 07:15:06');
INSERT INTO `media` (`id`, `media_type_id`, `user_id`, `body`, `filename`, `size`, `metadata`, `created_at`, `updated_at`) VALUES ('56', '5', '56', 'Nam assumenda voluptas ratione voluptatem odio. Aut adipisci voluptas debitis porro occaecati.', 'nisi', 0, NULL, '1974-10-28 12:21:59', '2009-11-18 07:00:15');
INSERT INTO `media` (`id`, `media_type_id`, `user_id`, `body`, `filename`, `size`, `metadata`, `created_at`, `updated_at`) VALUES ('57', '4', '57', 'Consequuntur laborum suscipit totam mollitia. Non asperiores rerum dignissimos deleniti cupiditate voluptatem. Sint et sit consequatur quod aut ut et. Voluptatem deleniti inventore et et illo suscipit.', 'ipsum', 0, NULL, '1979-09-25 06:14:45', '2009-11-10 01:31:39');
INSERT INTO `media` (`id`, `media_type_id`, `user_id`, `body`, `filename`, `size`, `metadata`, `created_at`, `updated_at`) VALUES ('58', '10', '58', 'Ut tempore exercitationem reprehenderit veritatis numquam nostrum enim. Occaecati error repudiandae incidunt qui aspernatur sit ab.', 'vitae', 8364, NULL, '2021-03-26 14:31:00', '2005-11-26 13:39:04');
INSERT INTO `media` (`id`, `media_type_id`, `user_id`, `body`, `filename`, `size`, `metadata`, `created_at`, `updated_at`) VALUES ('59', '1', '59', 'Ipsam eveniet amet expedita reprehenderit. Adipisci consequatur autem eum velit est. Accusamus ut quisquam qui voluptates vero quasi.', 'laboriosam', 272, NULL, '2020-11-24 03:31:14', '1990-04-06 13:34:06');
INSERT INTO `media` (`id`, `media_type_id`, `user_id`, `body`, `filename`, `size`, `metadata`, `created_at`, `updated_at`) VALUES ('60', '9', '60', 'Itaque molestias optio provident quaerat. Vel eaque voluptas non magnam cum assumenda iure. Est pariatur doloribus nostrum dolores.', 'quasi', 5, NULL, '2000-07-14 13:12:56', '1990-08-31 14:54:29');
INSERT INTO `media` (`id`, `media_type_id`, `user_id`, `body`, `filename`, `size`, `metadata`, `created_at`, `updated_at`) VALUES ('61', '1', '61', 'Repellendus sunt et necessitatibus aut eum corrupti aut ipsum. Nam incidunt magnam maiores quis.', 'laboriosam', 8060101, NULL, '2002-03-11 01:32:28', '1983-04-04 22:38:40');
INSERT INTO `media` (`id`, `media_type_id`, `user_id`, `body`, `filename`, `size`, `metadata`, `created_at`, `updated_at`) VALUES ('62', '9', '62', 'Et aut explicabo inventore id veritatis molestias. Quia optio fuga excepturi placeat. Quasi perferendis corrupti harum. Sed est quia veritatis officiis possimus ratione aliquid sint. Cumque molestiae pariatur et sed voluptatibus quisquam.', 'ad', 9888, NULL, '1983-08-08 20:37:08', '1979-08-14 10:36:17');
INSERT INTO `media` (`id`, `media_type_id`, `user_id`, `body`, `filename`, `size`, `metadata`, `created_at`, `updated_at`) VALUES ('63', '8', '63', 'Nobis rem omnis quo sit. Non mollitia qui ut voluptatem et ducimus. Qui quam qui qui illo quas. Repellendus voluptates laboriosam est rerum sed sit sed. Assumenda voluptatum qui eum praesentium perferendis non voluptatem consequuntur.', 'qui', 1, NULL, '2011-09-10 16:00:09', '1972-10-18 00:24:24');
INSERT INTO `media` (`id`, `media_type_id`, `user_id`, `body`, `filename`, `size`, `metadata`, `created_at`, `updated_at`) VALUES ('64', '9', '64', 'Quo cum numquam ratione minus. Iusto sit amet suscipit aut amet culpa voluptatem vitae. Explicabo recusandae omnis assumenda harum laborum debitis. Animi aut natus dolor.', 'rerum', 556, NULL, '2022-07-23 01:57:45', '1992-09-02 12:57:51');
INSERT INTO `media` (`id`, `media_type_id`, `user_id`, `body`, `filename`, `size`, `metadata`, `created_at`, `updated_at`) VALUES ('65', '6', '65', 'Impedit nostrum distinctio qui corrupti aut sit. Sit facere nisi quo velit recusandae cumque sunt. Ut excepturi praesentium voluptatem reprehenderit eos. Alias dignissimos laborum tempore deleniti ut.', 'delectus', 86790491, NULL, '1997-02-04 16:01:12', '1995-04-05 21:50:46');
INSERT INTO `media` (`id`, `media_type_id`, `user_id`, `body`, `filename`, `size`, `metadata`, `created_at`, `updated_at`) VALUES ('66', '8', '66', 'Mollitia rerum sit rerum necessitatibus odit sed architecto. Illo quis odit sed commodi sed quas alias. Perspiciatis perspiciatis ratione necessitatibus cum doloremque fugit.', 'neque', 466, NULL, '2022-02-24 04:12:00', '1977-09-09 06:40:33');
INSERT INTO `media` (`id`, `media_type_id`, `user_id`, `body`, `filename`, `size`, `metadata`, `created_at`, `updated_at`) VALUES ('67', '2', '67', 'Et rem nobis labore beatae. Sint nulla cumque eveniet quaerat illum. Asperiores facilis adipisci aliquam non. Dolorum tenetur aliquid libero et nostrum qui. Non dolor fugiat ex culpa non.', 'tempore', 0, NULL, '2006-02-25 04:59:27', '2003-01-17 14:01:48');
INSERT INTO `media` (`id`, `media_type_id`, `user_id`, `body`, `filename`, `size`, `metadata`, `created_at`, `updated_at`) VALUES ('68', '10', '68', 'Enim et alias totam quis dolores sit. Tempora veniam et earum incidunt consequatur maiores laborum libero. Laboriosam enim est perferendis omnis quia odit deserunt quasi. Et aspernatur officiis quia soluta qui. Atque quae dolores suscipit labore dolores voluptatem.', 'adipisci', 223, NULL, '1973-02-23 20:27:01', '1975-03-12 04:36:35');
INSERT INTO `media` (`id`, `media_type_id`, `user_id`, `body`, `filename`, `size`, `metadata`, `created_at`, `updated_at`) VALUES ('69', '6', '69', 'Similique voluptas explicabo eius atque ipsum. Sit qui aut voluptatem et. Molestiae accusamus vero ad officiis quasi. Hic et sunt totam excepturi nostrum qui vel. Quo a id quo officia.', 'aliquam', 76, NULL, '1986-11-14 20:03:35', '1998-05-24 05:21:24');
INSERT INTO `media` (`id`, `media_type_id`, `user_id`, `body`, `filename`, `size`, `metadata`, `created_at`, `updated_at`) VALUES ('70', '8', '70', 'Libero sequi nobis accusamus ut est aut ut est. Consequuntur fuga sapiente qui quia sed qui. Est labore sunt cumque sed aut est eligendi. Aperiam velit sint quia cum modi culpa.', 'nesciunt', 2827015, NULL, '1991-02-19 16:41:15', '2007-07-10 23:14:46');
INSERT INTO `media` (`id`, `media_type_id`, `user_id`, `body`, `filename`, `size`, `metadata`, `created_at`, `updated_at`) VALUES ('71', '4', '71', 'Ad quis quae facilis. Autem optio nesciunt laudantium. Quia provident natus odio rerum qui non hic. Maiores animi ipsam dignissimos et.', 'dolore', 2989962, NULL, '1970-10-24 07:10:53', '1990-04-25 22:13:21');
INSERT INTO `media` (`id`, `media_type_id`, `user_id`, `body`, `filename`, `size`, `metadata`, `created_at`, `updated_at`) VALUES ('72', '4', '72', 'Rerum aut sequi aspernatur modi quo officia repellat. Modi molestias modi placeat repudiandae aut.', 'ab', 895, NULL, '2013-03-06 22:57:47', '2010-01-16 19:39:42');
INSERT INTO `media` (`id`, `media_type_id`, `user_id`, `body`, `filename`, `size`, `metadata`, `created_at`, `updated_at`) VALUES ('73', '5', '73', 'Maiores amet expedita vero consequatur. Rem exercitationem est odio quod. Vero non nemo iusto exercitationem fuga. Rerum ut eveniet neque aspernatur nihil architecto est incidunt.', 'quo', 0, NULL, '1994-01-24 07:45:56', '1970-03-28 06:27:51');
INSERT INTO `media` (`id`, `media_type_id`, `user_id`, `body`, `filename`, `size`, `metadata`, `created_at`, `updated_at`) VALUES ('74', '2', '74', 'Reprehenderit harum ea assumenda esse dolor ipsa. Cum molestiae sit iure quia consectetur. Ullam recusandae temporibus est omnis eum et velit. Consectetur atque tempora fugiat ducimus dignissimos.', 'iste', 1166783, NULL, '1978-10-29 18:32:03', '2021-07-17 10:48:02');
INSERT INTO `media` (`id`, `media_type_id`, `user_id`, `body`, `filename`, `size`, `metadata`, `created_at`, `updated_at`) VALUES ('75', '3', '75', 'Quas pariatur autem molestias et nemo molestiae. In omnis ut cumque distinctio nulla dolorem et. Enim aut dolorum est vero. Rerum facere eius dolor doloribus dicta non distinctio commodi. Voluptatibus officia excepturi doloribus reprehenderit pariatur doloribus dolor.', 'omnis', 795317, NULL, '2006-06-05 17:54:49', '2006-11-25 08:17:39');
INSERT INTO `media` (`id`, `media_type_id`, `user_id`, `body`, `filename`, `size`, `metadata`, `created_at`, `updated_at`) VALUES ('76', '5', '76', 'Omnis quidem occaecati ad. Provident animi sunt incidunt quasi atque necessitatibus aut. Aut doloribus quia ea at error.', 'hic', 16592749, NULL, '2010-10-11 12:53:37', '1975-05-19 03:31:36');
INSERT INTO `media` (`id`, `media_type_id`, `user_id`, `body`, `filename`, `size`, `metadata`, `created_at`, `updated_at`) VALUES ('77', '6', '77', 'Eum cum odit quibusdam et. Minima ab quo cumque architecto autem non assumenda. Vel maiores similique necessitatibus eos quisquam ea est. Placeat occaecati reprehenderit quis recusandae.', 'nesciunt', 9641, NULL, '2022-04-02 08:33:08', '1984-03-28 00:15:27');
INSERT INTO `media` (`id`, `media_type_id`, `user_id`, `body`, `filename`, `size`, `metadata`, `created_at`, `updated_at`) VALUES ('78', '7', '78', 'Omnis qui officiis magni rerum. Sunt ut non eveniet quos quam quia. Et voluptas doloremque quam perspiciatis et labore repudiandae.', 'sed', 69, NULL, '1997-07-29 23:31:24', '1988-06-28 02:36:17');
INSERT INTO `media` (`id`, `media_type_id`, `user_id`, `body`, `filename`, `size`, `metadata`, `created_at`, `updated_at`) VALUES ('79', '3', '79', 'Natus tenetur tempora et eaque quis rerum harum qui. Quis fuga culpa sit sed omnis quam voluptatem. Pariatur vero enim odio et. Quis repellendus illo voluptatem harum.', 'deleniti', 130, NULL, '1985-01-27 00:49:43', '1986-07-26 01:40:40');
INSERT INTO `media` (`id`, `media_type_id`, `user_id`, `body`, `filename`, `size`, `metadata`, `created_at`, `updated_at`) VALUES ('80', '6', '80', 'Sapiente et deserunt quaerat dolores distinctio ratione non. Consequatur et sapiente voluptatem. Voluptas ut quis deleniti in quia ut. Provident dolorem consectetur perferendis velit.', 'ea', 34147246, NULL, '1977-09-15 04:14:12', '2009-07-04 12:34:03');
INSERT INTO `media` (`id`, `media_type_id`, `user_id`, `body`, `filename`, `size`, `metadata`, `created_at`, `updated_at`) VALUES ('81', '4', '81', 'Quia quis mollitia vitae mollitia ex ea aut eos. Ut tempore neque aliquam dolore veniam sequi. Minima tempora odio velit mollitia molestiae. Adipisci neque omnis temporibus nulla.', 'tenetur', 37, NULL, '2007-01-18 20:20:21', '1985-06-15 07:12:52');
INSERT INTO `media` (`id`, `media_type_id`, `user_id`, `body`, `filename`, `size`, `metadata`, `created_at`, `updated_at`) VALUES ('82', '2', '82', 'Totam est eveniet sequi quisquam ut odit et. Non itaque nostrum qui esse et aspernatur. Eaque ducimus exercitationem recusandae quas asperiores est tempore.', 'necessitatibus', 123, NULL, '2007-04-28 19:54:59', '2014-11-19 10:28:17');
INSERT INTO `media` (`id`, `media_type_id`, `user_id`, `body`, `filename`, `size`, `metadata`, `created_at`, `updated_at`) VALUES ('83', '6', '83', 'Magni sapiente vel ipsum numquam quia porro reiciendis error. Fugiat ratione fugit id eum et. Fugit aliquam et voluptatum qui tempore est eius laborum.', 'in', 76, NULL, '1984-11-18 05:57:46', '2008-06-25 19:49:05');
INSERT INTO `media` (`id`, `media_type_id`, `user_id`, `body`, `filename`, `size`, `metadata`, `created_at`, `updated_at`) VALUES ('84', '4', '84', 'Doloribus magni delectus dolorum possimus sint aut. Rerum qui praesentium est et consequatur suscipit.', 'adipisci', 87, NULL, '2020-06-26 03:54:44', '1998-10-02 18:44:08');
INSERT INTO `media` (`id`, `media_type_id`, `user_id`, `body`, `filename`, `size`, `metadata`, `created_at`, `updated_at`) VALUES ('85', '7', '85', 'Hic sed nostrum et molestias dicta dolore vero. Blanditiis neque tempora blanditiis ut. Quo ullam est eligendi cum maiores. Nihil nihil expedita dolorum nihil.', 'possimus', 944212331, NULL, '1983-05-27 05:46:03', '2020-07-13 00:41:01');
INSERT INTO `media` (`id`, `media_type_id`, `user_id`, `body`, `filename`, `size`, `metadata`, `created_at`, `updated_at`) VALUES ('86', '5', '86', 'Et quia laborum non sequi dolor quaerat nihil consectetur. Facere sequi et impedit. Alias minima est aut. Iusto iste commodi neque asperiores qui.', 'ratione', 285394, NULL, '1991-07-18 19:38:54', '2003-11-11 05:41:58');
INSERT INTO `media` (`id`, `media_type_id`, `user_id`, `body`, `filename`, `size`, `metadata`, `created_at`, `updated_at`) VALUES ('87', '9', '87', 'Cum culpa totam deleniti nisi laudantium quaerat dolorum aliquid. Dolor dolorum exercitationem voluptatem perferendis reprehenderit. Quam molestiae quia consequatur at vel voluptatem.', 'est', 32, NULL, '1971-06-17 07:21:51', '2010-04-12 08:35:34');
INSERT INTO `media` (`id`, `media_type_id`, `user_id`, `body`, `filename`, `size`, `metadata`, `created_at`, `updated_at`) VALUES ('88', '1', '88', 'Non necessitatibus quos eos ullam sunt. Sit voluptates placeat in nostrum recusandae similique. Est illum sit et est vero quam quos. Ab reprehenderit ut ab soluta repudiandae quibusdam neque cum. Molestiae ipsa quae dolorum aut.', 'ducimus', 7562, NULL, '1983-05-13 02:26:44', '2011-08-17 02:49:23');
INSERT INTO `media` (`id`, `media_type_id`, `user_id`, `body`, `filename`, `size`, `metadata`, `created_at`, `updated_at`) VALUES ('89', '4', '89', 'Delectus dolores nulla pariatur earum iste quia. Aut tenetur vitae hic ex.', 'soluta', 20, NULL, '1971-10-13 11:06:10', '1992-08-02 12:25:24');
INSERT INTO `media` (`id`, `media_type_id`, `user_id`, `body`, `filename`, `size`, `metadata`, `created_at`, `updated_at`) VALUES ('90', '9', '90', 'Placeat illum magni quis provident. Eius exercitationem qui natus autem corporis unde reprehenderit eius. Tenetur libero nulla aspernatur ea qui accusantium laboriosam. Omnis earum numquam quia.', 'qui', 45407, NULL, '1981-09-06 02:25:05', '2010-07-30 03:00:06');
INSERT INTO `media` (`id`, `media_type_id`, `user_id`, `body`, `filename`, `size`, `metadata`, `created_at`, `updated_at`) VALUES ('91', '9', '91', 'Similique libero iste doloribus occaecati dolor omnis. Aut ut voluptate expedita est facere ut. Quis qui commodi culpa asperiores assumenda numquam dignissimos. Alias quod omnis dignissimos iure.', 'esse', 5533622, NULL, '2004-04-28 09:50:30', '2008-02-08 23:15:12');
INSERT INTO `media` (`id`, `media_type_id`, `user_id`, `body`, `filename`, `size`, `metadata`, `created_at`, `updated_at`) VALUES ('92', '5', '92', 'Qui in consectetur aut voluptas aut. Quaerat ipsam sequi quae et officiis aliquam. Porro mollitia consequatur illo consequatur quod culpa deserunt.', 'molestias', 48134033, NULL, '2017-04-07 03:36:22', '1982-12-15 13:36:54');
INSERT INTO `media` (`id`, `media_type_id`, `user_id`, `body`, `filename`, `size`, `metadata`, `created_at`, `updated_at`) VALUES ('93', '7', '93', 'Eum tempore quo illo velit. Rerum minima corporis dolorum facere officia dolor. Minus error voluptatem dolorem ex enim eaque qui. Doloribus et minima nam corrupti sed amet aliquid maxime.', 'repudiandae', 32740, NULL, '1997-12-26 13:48:09', '2002-12-21 06:48:38');
INSERT INTO `media` (`id`, `media_type_id`, `user_id`, `body`, `filename`, `size`, `metadata`, `created_at`, `updated_at`) VALUES ('94', '7', '94', 'Aperiam non dolor a porro. Atque iure neque ipsa repudiandae quibusdam. Est ut eligendi omnis vel deserunt. Ut aperiam et et tempore placeat.', 'est', 9530452, NULL, '1990-01-29 23:20:27', '2018-02-14 08:37:42');
INSERT INTO `media` (`id`, `media_type_id`, `user_id`, `body`, `filename`, `size`, `metadata`, `created_at`, `updated_at`) VALUES ('95', '4', '95', 'Voluptates magni et aut et. Aspernatur reprehenderit deserunt illo repellendus.', 'ut', 323854263, NULL, '2007-11-22 12:25:49', '2007-03-24 12:55:00');
INSERT INTO `media` (`id`, `media_type_id`, `user_id`, `body`, `filename`, `size`, `metadata`, `created_at`, `updated_at`) VALUES ('96', '3', '96', 'Dolores sunt iusto sequi excepturi ut eaque. Quis et praesentium omnis nisi sint consequatur. In dolor harum dolor est quam vel et.', 'aut', 8250, NULL, '2013-11-08 22:03:29', '1978-08-12 09:00:46');
INSERT INTO `media` (`id`, `media_type_id`, `user_id`, `body`, `filename`, `size`, `metadata`, `created_at`, `updated_at`) VALUES ('97', '4', '97', 'Accusamus consequatur sunt sint voluptates harum. Illo sunt eligendi et quis consequatur temporibus accusantium. A ratione iure qui. Ratione eligendi sint dolores.', 'voluptas', 85983245, NULL, '1975-12-11 00:12:42', '2013-12-24 06:07:18');
INSERT INTO `media` (`id`, `media_type_id`, `user_id`, `body`, `filename`, `size`, `metadata`, `created_at`, `updated_at`) VALUES ('98', '6', '98', 'Est illum quidem voluptate commodi. Consequatur quas rerum alias et.', 'modi', 9, NULL, '2006-10-28 17:26:26', '1988-04-30 21:05:31');
INSERT INTO `media` (`id`, `media_type_id`, `user_id`, `body`, `filename`, `size`, `metadata`, `created_at`, `updated_at`) VALUES ('99', '2', '99', 'Sunt velit vitae et natus minima. Aut cupiditate eaque aut ducimus. Enim minima voluptates et eligendi. Aut voluptatibus et ipsum et eveniet.', 'id', 394486300, NULL, '1998-10-07 10:11:12', '1981-01-16 03:09:33');
INSERT INTO `media` (`id`, `media_type_id`, `user_id`, `body`, `filename`, `size`, `metadata`, `created_at`, `updated_at`) VALUES ('100', '10', '100', 'Qui quia non quaerat fuga facilis. Error corrupti est nisi.', 'voluptas', 48, NULL, '2001-01-19 20:49:07', '1987-02-12 22:02:05');


#
# TABLE STRUCTURE FOR: media_types
#

DROP TABLE IF EXISTS `media_types`;

CREATE TABLE `media_types` (
  `id` bigint(20) unsigned NOT NULL AUTO_INCREMENT,
  `name` varchar(255) COLLATE utf8mb4_unicode_ci DEFAULT NULL,
  `created_at` datetime DEFAULT current_timestamp(),
  `updated_at` datetime DEFAULT current_timestamp() ON UPDATE current_timestamp(),
  PRIMARY KEY (`id`)
) ENGINE=InnoDB AUTO_INCREMENT=11 DEFAULT CHARSET=utf8mb4 COLLATE=utf8mb4_unicode_ci;

INSERT INTO `media_types` (`id`, `name`, `created_at`, `updated_at`) VALUES ('1', 'eligendi', '2005-09-19 03:28:02', '2001-10-03 14:21:17');
INSERT INTO `media_types` (`id`, `name`, `created_at`, `updated_at`) VALUES ('2', 'non', '1976-02-22 01:52:10', '1998-12-25 22:35:16');
INSERT INTO `media_types` (`id`, `name`, `created_at`, `updated_at`) VALUES ('3', 'atque', '1988-10-02 21:46:37', '1998-10-19 06:04:58');
INSERT INTO `media_types` (`id`, `name`, `created_at`, `updated_at`) VALUES ('4', 'est', '1991-04-15 16:02:15', '2007-09-24 04:45:36');
INSERT INTO `media_types` (`id`, `name`, `created_at`, `updated_at`) VALUES ('5', 'nemo', '1974-10-29 23:22:48', '2006-12-21 20:36:19');
INSERT INTO `media_types` (`id`, `name`, `created_at`, `updated_at`) VALUES ('6', 'esse', '1996-08-08 15:05:31', '2015-01-08 22:59:14');
INSERT INTO `media_types` (`id`, `name`, `created_at`, `updated_at`) VALUES ('7', 'voluptate', '1975-05-03 10:22:01', '1997-02-03 06:56:11');
INSERT INTO `media_types` (`id`, `name`, `created_at`, `updated_at`) VALUES ('8', 'omnis', '1995-09-11 03:10:52', '1981-11-19 23:55:22');
INSERT INTO `media_types` (`id`, `name`, `created_at`, `updated_at`) VALUES ('9', 'ut', '1997-01-21 17:23:27', '2006-11-10 10:23:43');
INSERT INTO `media_types` (`id`, `name`, `created_at`, `updated_at`) VALUES ('10', 'eaque', '1986-08-02 05:38:25', '1970-05-31 14:10:34');


#
# TABLE STRUCTURE FOR: messages
#

DROP TABLE IF EXISTS `messages`;

CREATE TABLE `messages` (
  `id` bigint(20) unsigned NOT NULL AUTO_INCREMENT,
  `from_user_id` bigint(20) unsigned NOT NULL,
  `to_user_id` bigint(20) unsigned NOT NULL,
  `body` text COLLATE utf8mb4_unicode_ci DEFAULT NULL,
  `created_at` datetime DEFAULT current_timestamp(),
  PRIMARY KEY (`id`),
  KEY `from_user_id` (`from_user_id`),
  KEY `to_user_id` (`to_user_id`),
  CONSTRAINT `messages_ibfk_1` FOREIGN KEY (`from_user_id`) REFERENCES `users` (`id`) ON DELETE CASCADE ON UPDATE CASCADE,
  CONSTRAINT `messages_ibfk_2` FOREIGN KEY (`to_user_id`) REFERENCES `users` (`id`) ON DELETE CASCADE ON UPDATE CASCADE
) ENGINE=InnoDB AUTO_INCREMENT=101 DEFAULT CHARSET=utf8mb4 COLLATE=utf8mb4_unicode_ci;

INSERT INTO `messages` (`id`, `from_user_id`, `to_user_id`, `body`, `created_at`) VALUES ('1', '94', '41', 'Quaerat culpa eos officia magni et nesciunt. Nostrum et magnam sed non harum deleniti. Reiciendis fugit non reiciendis est nemo aut. Dolor quasi cum aut molestias corporis laborum.', '1991-08-07 17:59:54');
INSERT INTO `messages` (`id`, `from_user_id`, `to_user_id`, `body`, `created_at`) VALUES ('2', '39', '43', 'Veniam cum iure fugit et nisi. Et et pariatur natus occaecati cumque.', '2003-03-17 01:21:20');
INSERT INTO `messages` (`id`, `from_user_id`, `to_user_id`, `body`, `created_at`) VALUES ('3', '15', '60', 'Eos itaque eos dignissimos iste beatae harum. Iste repellat tenetur modi laborum dolorem. Veniam quaerat nihil eos sed laudantium nihil.', '1989-02-26 08:37:46');
INSERT INTO `messages` (`id`, `from_user_id`, `to_user_id`, `body`, `created_at`) VALUES ('4', '71', '51', 'Dolorum similique blanditiis libero aut. Odit aut sunt totam qui. Nostrum est voluptatem voluptatem nisi expedita modi.', '1996-08-18 07:42:26');
INSERT INTO `messages` (`id`, `from_user_id`, `to_user_id`, `body`, `created_at`) VALUES ('5', '20', '88', 'Quo id sequi quia nihil in necessitatibus. Aperiam voluptas est laudantium aperiam et eligendi dolor quis. Et consequatur quos et illum earum iusto molestiae. Dolorem atque in deserunt rem.', '1972-07-29 00:21:46');
INSERT INTO `messages` (`id`, `from_user_id`, `to_user_id`, `body`, `created_at`) VALUES ('6', '67', '33', 'Eos qui qui occaecati est quisquam culpa hic. Est voluptatum id quasi recusandae. Ea nisi reprehenderit doloribus amet quo voluptatum corporis. Ipsam sint non dolorem impedit.', '1981-08-08 20:38:55');
INSERT INTO `messages` (`id`, `from_user_id`, `to_user_id`, `body`, `created_at`) VALUES ('7', '97', '82', 'Modi voluptas voluptatem facilis. Nihil ut modi libero sit quos recusandae aut omnis. Tempore debitis qui nobis architecto consequatur et.', '2016-03-16 08:51:33');
INSERT INTO `messages` (`id`, `from_user_id`, `to_user_id`, `body`, `created_at`) VALUES ('8', '41', '56', 'Nisi voluptates autem distinctio provident quia consequuntur repudiandae et. Quia quia laboriosam sunt aspernatur exercitationem. Architecto dolor voluptatem quis ratione sit.', '1977-12-26 17:16:47');
INSERT INTO `messages` (`id`, `from_user_id`, `to_user_id`, `body`, `created_at`) VALUES ('9', '71', '45', 'Mollitia tenetur quo et autem. Velit nostrum qui aut aut ut ut voluptate. Dolor quo enim est omnis consequatur inventore sed. Ullam sunt sed officiis facere maxime.', '1976-08-18 10:03:16');
INSERT INTO `messages` (`id`, `from_user_id`, `to_user_id`, `body`, `created_at`) VALUES ('10', '54', '97', 'Est iure quaerat accusantium sit. Itaque voluptas qui suscipit inventore consequatur quibusdam. Maiores nemo suscipit voluptatem itaque pariatur qui voluptate.', '1991-07-11 03:53:51');
INSERT INTO `messages` (`id`, `from_user_id`, `to_user_id`, `body`, `created_at`) VALUES ('11', '30', '17', 'Illo facere ea et illum. Fugit sit rerum rerum fugit. Voluptas consequuntur est in optio dolor amet libero. Et esse autem est ut quo.', '2003-10-20 20:13:04');
INSERT INTO `messages` (`id`, `from_user_id`, `to_user_id`, `body`, `created_at`) VALUES ('12', '18', '1', 'Qui numquam omnis amet quis aspernatur voluptate. Error voluptatem incidunt recusandae delectus et placeat et. Aut possimus non quas inventore.', '1987-07-12 02:18:22');
INSERT INTO `messages` (`id`, `from_user_id`, `to_user_id`, `body`, `created_at`) VALUES ('13', '67', '62', 'Fugit dicta enim harum eum. Sunt voluptatem quia asperiores laboriosam aut.', '2004-09-20 02:52:09');
INSERT INTO `messages` (`id`, `from_user_id`, `to_user_id`, `body`, `created_at`) VALUES ('14', '41', '28', 'Vel sed odio eos est ut quia consectetur. Nemo corporis placeat esse qui. Et impedit totam rerum pariatur reiciendis.', '1978-07-10 03:42:17');
INSERT INTO `messages` (`id`, `from_user_id`, `to_user_id`, `body`, `created_at`) VALUES ('15', '21', '48', 'Culpa eum quaerat illum. Perferendis ut in consequatur. Voluptatem odit nam voluptas.', '1977-05-01 04:57:18');
INSERT INTO `messages` (`id`, `from_user_id`, `to_user_id`, `body`, `created_at`) VALUES ('16', '90', '15', 'Minima enim molestiae accusamus quae. Ullam in et aliquam velit. Facere ut ea sunt sit rerum esse.', '2005-12-23 19:40:55');
INSERT INTO `messages` (`id`, `from_user_id`, `to_user_id`, `body`, `created_at`) VALUES ('17', '89', '29', 'Harum ut esse magnam ut nemo. Quod eos accusantium error. Sed nesciunt ad dolor voluptatem sit. In sint suscipit aut facere recusandae.', '2011-08-19 11:50:12');
INSERT INTO `messages` (`id`, `from_user_id`, `to_user_id`, `body`, `created_at`) VALUES ('18', '57', '4', 'Autem tenetur non sed incidunt ducimus molestias. Accusamus blanditiis reprehenderit natus. Non qui consectetur exercitationem fugit possimus esse. Dolorum fuga consectetur a et eum qui quos rerum.', '2015-03-19 17:20:36');
INSERT INTO `messages` (`id`, `from_user_id`, `to_user_id`, `body`, `created_at`) VALUES ('19', '88', '27', 'Optio voluptates eius deleniti amet. Quia sint aut esse. Cupiditate vel odit nam.', '2011-01-16 05:24:43');
INSERT INTO `messages` (`id`, `from_user_id`, `to_user_id`, `body`, `created_at`) VALUES ('20', '54', '7', 'Laborum et tempora iusto nostrum aliquid. Molestiae dolores ducimus eos repellat. Dolores culpa doloremque ab quos. Aliquid aut possimus commodi in eaque vero aperiam corrupti.', '1974-10-12 02:32:32');
INSERT INTO `messages` (`id`, `from_user_id`, `to_user_id`, `body`, `created_at`) VALUES ('21', '15', '21', 'Quis facilis a corporis ut est quod quia nisi. Vel quo beatae nulla voluptatem quibusdam est non. Dolores a ut non explicabo.', '2021-06-16 14:28:30');
INSERT INTO `messages` (`id`, `from_user_id`, `to_user_id`, `body`, `created_at`) VALUES ('22', '40', '12', 'Nihil aut consequuntur eum beatae sapiente. Molestiae maxime consequatur nisi id ut est nihil. Omnis esse vitae velit culpa.', '1979-11-05 08:52:01');
INSERT INTO `messages` (`id`, `from_user_id`, `to_user_id`, `body`, `created_at`) VALUES ('23', '2', '80', 'Voluptas ut quidem fuga fugit. Laborum iure ratione accusamus quam ea ad porro. Dicta aut iure ipsum aut doloremque repellat ab.', '2000-10-09 15:58:06');
INSERT INTO `messages` (`id`, `from_user_id`, `to_user_id`, `body`, `created_at`) VALUES ('24', '68', '73', 'Omnis est est omnis a vel itaque. Corporis id voluptate impedit dolores. Et tempora laborum et quia et rem consectetur ducimus.', '1994-12-22 18:48:43');
INSERT INTO `messages` (`id`, `from_user_id`, `to_user_id`, `body`, `created_at`) VALUES ('25', '25', '22', 'Tenetur voluptatem eveniet dicta eos. Sapiente sed enim amet est in consequatur eaque voluptatem. Quo consequatur vel sed dolorum dolores quasi. Et quam sapiente soluta.', '2002-04-15 03:40:01');
INSERT INTO `messages` (`id`, `from_user_id`, `to_user_id`, `body`, `created_at`) VALUES ('26', '69', '55', 'Id repudiandae vel quo aut corrupti in. Et pariatur quidem dicta corporis. Fugiat quo et eius unde sed.', '1977-01-23 00:24:37');
INSERT INTO `messages` (`id`, `from_user_id`, `to_user_id`, `body`, `created_at`) VALUES ('27', '38', '87', 'Ex perferendis dolor delectus. Voluptas dolorem quis fugiat veniam. Aut aut consequatur et autem et.', '1987-08-23 10:09:00');
INSERT INTO `messages` (`id`, `from_user_id`, `to_user_id`, `body`, `created_at`) VALUES ('28', '56', '5', 'Reprehenderit autem pariatur aut vel voluptatem sunt excepturi veritatis. Laudantium dolores recusandae placeat. Animi voluptatem dolorum sit alias.', '1991-02-27 03:16:23');
INSERT INTO `messages` (`id`, `from_user_id`, `to_user_id`, `body`, `created_at`) VALUES ('29', '48', '96', 'Repudiandae dolorem esse rem ex voluptatem. Ad autem qui eaque eos sit beatae. Dolorum repellat soluta nihil nam. Ducimus nesciunt iure illum quam eos nihil.', '1995-02-07 22:45:53');
INSERT INTO `messages` (`id`, `from_user_id`, `to_user_id`, `body`, `created_at`) VALUES ('30', '33', '69', 'Itaque ducimus fugiat consectetur fugit adipisci officiis iure. Laborum quibusdam explicabo error sed esse quia. Laudantium quod nihil doloremque consequatur ut. Molestias est nihil adipisci eligendi.', '1987-01-21 02:12:05');
INSERT INTO `messages` (`id`, `from_user_id`, `to_user_id`, `body`, `created_at`) VALUES ('31', '44', '22', 'Fuga officiis unde veritatis necessitatibus. Veritatis animi omnis vel enim minima facere nihil aliquid. Rerum animi soluta aspernatur. Architecto et voluptas sed mollitia.', '2006-12-17 16:15:17');
INSERT INTO `messages` (`id`, `from_user_id`, `to_user_id`, `body`, `created_at`) VALUES ('32', '83', '32', 'Et qui voluptas quia rem fuga architecto. Minus non aliquam vero consequuntur ad dolore omnis cum. Consequatur ut aut eos repellat ipsa perferendis enim.', '1996-09-12 14:14:31');
INSERT INTO `messages` (`id`, `from_user_id`, `to_user_id`, `body`, `created_at`) VALUES ('33', '51', '39', 'Cumque vel dignissimos numquam dolor. Quia et laborum eligendi occaecati. Velit quidem unde fugit quo reprehenderit ea.', '1984-03-23 16:16:12');
INSERT INTO `messages` (`id`, `from_user_id`, `to_user_id`, `body`, `created_at`) VALUES ('34', '35', '38', 'Deserunt laboriosam vel quaerat. Exercitationem aut quo a quam sit. Ex sed laborum cupiditate quisquam dicta iusto laudantium. Harum consequatur neque quidem itaque perferendis corporis. Dolorum omnis quos velit quidem dicta accusantium sit.', '2009-07-29 23:58:55');
INSERT INTO `messages` (`id`, `from_user_id`, `to_user_id`, `body`, `created_at`) VALUES ('35', '66', '89', 'Facilis non asperiores ea ipsum. Omnis ut nihil nihil quaerat amet aut deserunt. Exercitationem sed incidunt corporis ut. Enim facilis velit sapiente doloribus quia ipsam laborum nesciunt.', '1972-03-12 02:43:25');
INSERT INTO `messages` (`id`, `from_user_id`, `to_user_id`, `body`, `created_at`) VALUES ('36', '45', '80', 'Dolor alias voluptate reprehenderit nam at quis. Nihil rerum numquam illo maxime ratione. Nobis esse quae veniam molestias. Est temporibus est sequi enim.', '1988-04-20 05:32:13');
INSERT INTO `messages` (`id`, `from_user_id`, `to_user_id`, `body`, `created_at`) VALUES ('37', '9', '85', 'Deleniti aut rerum molestias qui voluptatem aut. Nobis consequatur nesciunt vitae facilis. Nemo numquam sed accusamus quod vel. Voluptates id ipsam quam tempora.', '2011-06-02 12:07:39');
INSERT INTO `messages` (`id`, `from_user_id`, `to_user_id`, `body`, `created_at`) VALUES ('38', '92', '11', 'Rem in vitae eveniet. Eos aperiam cupiditate voluptatibus laudantium dolore voluptatum. Aut magnam quo ea aspernatur non et asperiores. Dolorum animi et explicabo occaecati neque ex illum. Reprehenderit voluptas sit alias unde cumque.', '1978-12-10 14:08:48');
INSERT INTO `messages` (`id`, `from_user_id`, `to_user_id`, `body`, `created_at`) VALUES ('39', '64', '59', 'Eum quasi soluta natus nesciunt repellat. Aut sed quisquam at consequatur. Vel reprehenderit aut repellendus tenetur velit magni ut.', '1979-04-23 03:32:11');
INSERT INTO `messages` (`id`, `from_user_id`, `to_user_id`, `body`, `created_at`) VALUES ('40', '83', '89', 'Vero vitae assumenda quasi iure voluptas sapiente est. Laborum omnis voluptatem in voluptatem. Eaque eos sit soluta.', '2022-05-11 20:14:05');
INSERT INTO `messages` (`id`, `from_user_id`, `to_user_id`, `body`, `created_at`) VALUES ('41', '80', '52', 'Voluptate dolore voluptatem totam quo dolorem ipsa quos qui. Tempora voluptatem voluptate perferendis quia reiciendis autem. Rem minus et accusantium reprehenderit aut delectus est officiis. Illo eos quo amet accusamus. Quia quaerat voluptates consequatur repellat.', '1985-04-03 05:29:59');
INSERT INTO `messages` (`id`, `from_user_id`, `to_user_id`, `body`, `created_at`) VALUES ('42', '43', '18', 'Fuga atque temporibus animi ut sed enim voluptates. Earum enim culpa occaecati cum. Dolores natus quod expedita.', '1979-10-09 10:53:16');
INSERT INTO `messages` (`id`, `from_user_id`, `to_user_id`, `body`, `created_at`) VALUES ('43', '38', '98', 'Facilis aut quo laboriosam. Illum expedita magnam sint repellat ipsam minima. Nihil dolores quam iste aut iusto. Ut in sit aut aut nihil.', '2008-09-28 14:43:52');
INSERT INTO `messages` (`id`, `from_user_id`, `to_user_id`, `body`, `created_at`) VALUES ('44', '22', '85', 'Mollitia quam voluptas rerum aut harum non. Et nostrum est libero ipsum. Libero repudiandae velit odit nesciunt dicta. Exercitationem repudiandae error earum in veritatis incidunt voluptatem.', '1982-05-02 16:53:54');
INSERT INTO `messages` (`id`, `from_user_id`, `to_user_id`, `body`, `created_at`) VALUES ('45', '94', '54', 'Accusamus dolor praesentium vitae deserunt magnam iusto. Iure modi aperiam sed omnis quaerat cum. Qui ea quasi itaque sunt quae ut nesciunt in.', '1977-08-30 10:00:39');
INSERT INTO `messages` (`id`, `from_user_id`, `to_user_id`, `body`, `created_at`) VALUES ('46', '54', '38', 'Est modi dolorum quia aliquid nam labore. Ut accusamus molestiae enim facere non. Autem provident nesciunt et qui commodi. Quo minima nesciunt accusamus ut.', '1970-11-14 12:51:31');
INSERT INTO `messages` (`id`, `from_user_id`, `to_user_id`, `body`, `created_at`) VALUES ('47', '76', '36', 'Praesentium impedit laudantium distinctio. Deleniti distinctio ut doloremque porro saepe aut mollitia. Nemo quod numquam dolores expedita ex.', '2004-12-09 13:25:30');
INSERT INTO `messages` (`id`, `from_user_id`, `to_user_id`, `body`, `created_at`) VALUES ('48', '69', '27', 'Tempore qui tenetur eveniet inventore dignissimos ipsa. Sapiente aut rerum quasi id. Natus corrupti necessitatibus soluta velit magnam assumenda quidem.', '1973-03-14 04:28:35');
INSERT INTO `messages` (`id`, `from_user_id`, `to_user_id`, `body`, `created_at`) VALUES ('49', '75', '4', 'Quia tempora voluptatem accusantium dignissimos qui molestias repellat. Quae officia vitae omnis ut voluptatem mollitia veniam. Libero numquam animi repellendus suscipit. Quidem quam alias id quae incidunt tempora.', '1985-01-15 21:17:40');
INSERT INTO `messages` (`id`, `from_user_id`, `to_user_id`, `body`, `created_at`) VALUES ('50', '65', '40', 'Reiciendis cupiditate nam omnis quas animi eos unde neque. Quisquam et ut excepturi. Debitis necessitatibus sed aperiam provident eum impedit.', '1991-06-17 13:41:31');
INSERT INTO `messages` (`id`, `from_user_id`, `to_user_id`, `body`, `created_at`) VALUES ('51', '92', '9', 'Et enim nobis aliquam eos dolores molestias nemo. Laudantium natus voluptatibus eos. Non ullam aliquam vitae dolor. Corporis soluta animi similique animi.', '2009-07-26 10:00:27');
INSERT INTO `messages` (`id`, `from_user_id`, `to_user_id`, `body`, `created_at`) VALUES ('52', '20', '100', 'Exercitationem est ab qui. Voluptatem explicabo nulla eum et sapiente. A nobis dicta doloremque doloribus.', '2000-01-17 23:44:09');
INSERT INTO `messages` (`id`, `from_user_id`, `to_user_id`, `body`, `created_at`) VALUES ('53', '93', '11', 'Harum labore sunt cupiditate voluptas quia. Recusandae praesentium facere quibusdam id cum vel omnis. Tempora expedita pariatur in nemo est minus qui fugit.', '1976-05-26 02:38:29');
INSERT INTO `messages` (`id`, `from_user_id`, `to_user_id`, `body`, `created_at`) VALUES ('54', '11', '57', 'Porro perspiciatis quia dolores maiores sit asperiores. Assumenda distinctio et laboriosam quos autem. Aut libero soluta autem. Dolores nihil repudiandae voluptatem aut quis maiores laboriosam.', '1988-09-13 00:02:14');
INSERT INTO `messages` (`id`, `from_user_id`, `to_user_id`, `body`, `created_at`) VALUES ('55', '70', '93', 'Omnis vitae ut dolores in repudiandae. Numquam sed rerum quia officia voluptates. Velit non facere eveniet eum iste. Nesciunt nostrum rerum consequuntur autem iusto.', '1984-08-12 02:07:31');
INSERT INTO `messages` (`id`, `from_user_id`, `to_user_id`, `body`, `created_at`) VALUES ('56', '45', '50', 'Voluptas est voluptas dolor iste voluptates dolor. Quae consequatur esse deserunt. Error autem sed et ut praesentium.', '2019-02-01 19:08:00');
INSERT INTO `messages` (`id`, `from_user_id`, `to_user_id`, `body`, `created_at`) VALUES ('57', '45', '88', 'Quia maxime et nobis molestiae quisquam. Et voluptate ipsam voluptatem non eum ut blanditiis. Quaerat id eos occaecati sequi consequuntur. Omnis blanditiis veniam vel velit architecto in quos.', '2005-04-25 02:48:09');
INSERT INTO `messages` (`id`, `from_user_id`, `to_user_id`, `body`, `created_at`) VALUES ('58', '67', '82', 'Iste porro quia assumenda qui odit suscipit nihil. Consequatur repellendus vitae minima atque. Iste qui architecto eum id quia qui nulla.', '2003-03-03 10:52:52');
INSERT INTO `messages` (`id`, `from_user_id`, `to_user_id`, `body`, `created_at`) VALUES ('59', '86', '89', 'Quis quis deleniti quae. Illum ab quo ea laboriosam velit atque. Rem tempora quidem in debitis. Omnis porro quae doloremque aspernatur.', '1992-10-01 12:02:47');
INSERT INTO `messages` (`id`, `from_user_id`, `to_user_id`, `body`, `created_at`) VALUES ('60', '67', '79', 'Explicabo exercitationem et sit pariatur nulla omnis excepturi. Eligendi laudantium eveniet fuga quisquam rerum exercitationem. Quasi voluptatem distinctio repellendus possimus doloribus fugit fugiat. Libero odit voluptatum nulla delectus aperiam est.', '1975-02-24 19:38:31');
INSERT INTO `messages` (`id`, `from_user_id`, `to_user_id`, `body`, `created_at`) VALUES ('61', '43', '20', 'Reprehenderit assumenda maiores assumenda voluptatem expedita. Itaque dolores nisi consequatur consectetur perferendis rerum. Eos qui quo dolores corrupti.', '2001-07-15 00:06:38');
INSERT INTO `messages` (`id`, `from_user_id`, `to_user_id`, `body`, `created_at`) VALUES ('62', '16', '18', 'Dicta velit excepturi consequatur tempore qui et. Voluptatem autem commodi non atque sunt. Aut qui nisi enim veritatis ullam tenetur numquam autem.', '2018-12-02 21:46:16');
INSERT INTO `messages` (`id`, `from_user_id`, `to_user_id`, `body`, `created_at`) VALUES ('63', '55', '85', 'Deserunt dolore possimus neque odit nihil rerum assumenda. Tempore debitis ut assumenda dolor nam sit. Omnis ad sint nesciunt.', '2017-07-13 18:21:33');
INSERT INTO `messages` (`id`, `from_user_id`, `to_user_id`, `body`, `created_at`) VALUES ('64', '44', '29', 'Quo voluptatum pariatur cupiditate amet ratione vero. Ad totam molestiae dolores aut voluptas nisi velit. Aut dolores optio eos doloremque.', '1985-11-07 14:25:15');
INSERT INTO `messages` (`id`, `from_user_id`, `to_user_id`, `body`, `created_at`) VALUES ('65', '88', '9', 'Error aspernatur ipsum rerum at rerum illo. Voluptas mollitia qui quia qui similique. Eius suscipit exercitationem nisi placeat alias sapiente quo cumque.', '1989-06-04 10:00:47');
INSERT INTO `messages` (`id`, `from_user_id`, `to_user_id`, `body`, `created_at`) VALUES ('66', '69', '79', 'Expedita deserunt ea nulla id. Eum iste quia fugiat quia sapiente et. Nulla saepe voluptates voluptates suscipit est et distinctio.', '1991-10-15 08:39:49');
INSERT INTO `messages` (`id`, `from_user_id`, `to_user_id`, `body`, `created_at`) VALUES ('67', '17', '88', 'Rerum mollitia nobis eligendi consequatur rerum consequatur. Perspiciatis ex corrupti sit sint aperiam consequatur cum ut. Voluptas nam quis nulla dolorem voluptatem.', '1999-08-15 01:18:29');
INSERT INTO `messages` (`id`, `from_user_id`, `to_user_id`, `body`, `created_at`) VALUES ('68', '79', '10', 'Qui eaque quaerat sed perferendis in in rem. Exercitationem natus ducimus cum id deserunt. Magnam suscipit nisi unde quae quo commodi.', '2017-04-25 12:27:22');
INSERT INTO `messages` (`id`, `from_user_id`, `to_user_id`, `body`, `created_at`) VALUES ('69', '99', '90', 'Labore dolor nam et id. Rerum ullam quam ea. Eum quia sunt dolores reiciendis ducimus ipsum similique.', '2004-10-28 15:53:27');
INSERT INTO `messages` (`id`, `from_user_id`, `to_user_id`, `body`, `created_at`) VALUES ('70', '67', '68', 'Eligendi impedit adipisci doloremque rerum tenetur voluptates ducimus. Quos nobis officia architecto dignissimos nostrum. Iusto in aut tenetur deleniti voluptas error minus.', '2005-06-17 15:00:54');
INSERT INTO `messages` (`id`, `from_user_id`, `to_user_id`, `body`, `created_at`) VALUES ('71', '82', '12', 'Facere earum in et praesentium nihil laborum doloremque. Et ad doloremque nobis error quia illo ut. Ut assumenda voluptas excepturi et.', '1991-07-19 05:16:34');
INSERT INTO `messages` (`id`, `from_user_id`, `to_user_id`, `body`, `created_at`) VALUES ('72', '18', '27', 'Tenetur occaecati cumque velit deleniti debitis fugit est. Omnis cupiditate at ratione necessitatibus deleniti. A voluptate omnis totam doloremque adipisci. Ut culpa nam ut aliquid qui.', '1991-02-11 10:24:22');
INSERT INTO `messages` (`id`, `from_user_id`, `to_user_id`, `body`, `created_at`) VALUES ('73', '99', '84', 'Nam ut et autem. Ea impedit beatae ea. Corporis saepe architecto aspernatur explicabo et beatae. Provident doloremque consectetur iste deleniti. Quam laudantium fuga in provident.', '1985-07-12 11:58:39');
INSERT INTO `messages` (`id`, `from_user_id`, `to_user_id`, `body`, `created_at`) VALUES ('74', '8', '84', 'Ratione qui ex vitae asperiores enim hic possimus. Consequatur voluptates non iusto eos possimus. Consequatur illum dolorum ab quaerat. Blanditiis rerum nobis eum architecto voluptates qui.', '2011-04-12 02:10:40');
INSERT INTO `messages` (`id`, `from_user_id`, `to_user_id`, `body`, `created_at`) VALUES ('75', '73', '74', 'Veritatis quo dolore quisquam autem perferendis. Ut accusamus fugit quibusdam sit veniam est tempora. Voluptatem ut quo totam aperiam quos odio omnis.', '2018-01-26 13:27:56');
INSERT INTO `messages` (`id`, `from_user_id`, `to_user_id`, `body`, `created_at`) VALUES ('76', '63', '15', 'Unde rem placeat est sequi aliquid. Ea ut distinctio corporis ab. Beatae eius doloribus sunt et. Harum mollitia quo placeat. Nam at et dolore distinctio.', '1973-01-05 23:19:44');
INSERT INTO `messages` (`id`, `from_user_id`, `to_user_id`, `body`, `created_at`) VALUES ('77', '94', '79', 'Fugiat ut suscipit dignissimos consequuntur. Totam molestiae beatae sit ut tempora. Optio soluta adipisci molestiae ea tempora. Est velit recusandae consequatur et corrupti maiores sed.', '2004-03-05 12:27:27');
INSERT INTO `messages` (`id`, `from_user_id`, `to_user_id`, `body`, `created_at`) VALUES ('78', '33', '49', 'Reiciendis laborum sapiente suscipit consequatur aut optio ipsam. Minus nisi et corrupti ullam.', '2009-07-12 22:35:23');
INSERT INTO `messages` (`id`, `from_user_id`, `to_user_id`, `body`, `created_at`) VALUES ('79', '64', '77', 'Cumque maxime cum consequatur qui. Similique labore molestiae modi molestias nobis architecto. Possimus eos et qui.', '2019-08-28 05:52:32');
INSERT INTO `messages` (`id`, `from_user_id`, `to_user_id`, `body`, `created_at`) VALUES ('80', '78', '51', 'Voluptas qui qui voluptatem autem. Non totam ratione autem inventore a. Tempora voluptas dignissimos odit modi. Numquam ut accusamus blanditiis asperiores ut rem tempore voluptates.', '2000-05-18 15:50:28');
INSERT INTO `messages` (`id`, `from_user_id`, `to_user_id`, `body`, `created_at`) VALUES ('81', '85', '46', 'Fugiat ut saepe nostrum qui architecto eligendi. Nostrum dolores nemo hic dolor. Optio non atque ratione sint.', '2011-08-27 03:18:30');
INSERT INTO `messages` (`id`, `from_user_id`, `to_user_id`, `body`, `created_at`) VALUES ('82', '30', '2', 'Tempora error hic est est temporibus voluptatem. Dicta vero deleniti necessitatibus dolores blanditiis. Neque in at quia quisquam vel voluptatem. Voluptas culpa ea non sed animi id sit.', '2003-08-25 06:44:59');
INSERT INTO `messages` (`id`, `from_user_id`, `to_user_id`, `body`, `created_at`) VALUES ('83', '33', '9', 'Rerum rerum laboriosam voluptas aperiam eaque. Sapiente est et et autem quasi nobis itaque ab. Expedita et est consequatur voluptatem eveniet. Omnis temporibus aut ullam voluptates veniam excepturi dolores.', '1999-08-14 10:19:49');
INSERT INTO `messages` (`id`, `from_user_id`, `to_user_id`, `body`, `created_at`) VALUES ('84', '12', '32', 'Consectetur est eum sequi porro aperiam sapiente. Dolorem dolor quaerat aut voluptatum libero facilis. Maxime et est soluta et rerum sit debitis.', '1979-07-22 04:15:45');
INSERT INTO `messages` (`id`, `from_user_id`, `to_user_id`, `body`, `created_at`) VALUES ('85', '98', '78', 'Voluptatem maiores quis quasi ratione reprehenderit. Vel quaerat laboriosam ipsam occaecati. Id et pariatur nam eveniet a tempore.', '2002-11-30 07:25:30');
INSERT INTO `messages` (`id`, `from_user_id`, `to_user_id`, `body`, `created_at`) VALUES ('86', '99', '80', 'Veritatis numquam velit quam vitae. Nam omnis qui voluptatem exercitationem qui. Temporibus eveniet atque facilis provident ad esse. Et consequatur ipsum quas nihil velit et vel.', '2004-02-05 16:03:54');
INSERT INTO `messages` (`id`, `from_user_id`, `to_user_id`, `body`, `created_at`) VALUES ('87', '89', '17', 'Commodi et vero totam architecto. Sunt dolore delectus natus minima. In sit mollitia qui quo. Quo distinctio vitae saepe qui aliquam consequatur harum veritatis. Sit accusantium rem voluptas similique non.', '1970-05-29 19:35:00');
INSERT INTO `messages` (`id`, `from_user_id`, `to_user_id`, `body`, `created_at`) VALUES ('88', '6', '88', 'Minus qui sint vitae reprehenderit itaque cupiditate non sapiente. Illo a ratione et eum dolorem consectetur esse. Nam rem qui omnis non ut minima adipisci.', '1980-04-05 20:55:06');
INSERT INTO `messages` (`id`, `from_user_id`, `to_user_id`, `body`, `created_at`) VALUES ('89', '1', '13', 'Quasi quia illum minima iure sint voluptatem veritatis. Reiciendis magni molestiae dolore praesentium omnis aperiam. Laborum ratione quo quam minima. Quia id esse facere veritatis.', '1994-09-02 02:50:51');
INSERT INTO `messages` (`id`, `from_user_id`, `to_user_id`, `body`, `created_at`) VALUES ('90', '72', '73', 'Quo eos in aliquid cumque adipisci earum saepe. Esse libero saepe voluptate debitis eveniet exercitationem aut. Dolor ipsum et inventore maiores commodi quis.', '1978-11-03 13:28:15');
INSERT INTO `messages` (`id`, `from_user_id`, `to_user_id`, `body`, `created_at`) VALUES ('91', '87', '34', 'Quis rem ea aut officiis doloremque distinctio quos. Accusamus asperiores enim iure. Voluptatum autem et iste sint est possimus et aut.', '1985-04-29 05:07:09');
INSERT INTO `messages` (`id`, `from_user_id`, `to_user_id`, `body`, `created_at`) VALUES ('92', '87', '81', 'Assumenda ducimus voluptas vel neque culpa. Quis esse aperiam quas nihil quibusdam voluptatem. Dolor nemo dolor voluptas vitae sunt maiores. Ut repudiandae eum nostrum voluptas velit.', '1998-11-17 22:35:34');
INSERT INTO `messages` (`id`, `from_user_id`, `to_user_id`, `body`, `created_at`) VALUES ('93', '13', '20', 'Aut architecto id quam quaerat. Aperiam laboriosam pariatur consequuntur tenetur repellendus itaque perspiciatis. Sunt iste sunt doloremque officia adipisci commodi. Quo perspiciatis nemo quis iusto facere.', '2016-10-23 03:47:53');
INSERT INTO `messages` (`id`, `from_user_id`, `to_user_id`, `body`, `created_at`) VALUES ('94', '29', '76', 'Quis ea earum doloribus. Velit commodi temporibus iusto. Et beatae maiores quo earum ut corrupti. Autem et unde eligendi aut qui est error.', '2017-09-29 04:40:52');
INSERT INTO `messages` (`id`, `from_user_id`, `to_user_id`, `body`, `created_at`) VALUES ('95', '96', '6', 'Enim debitis deleniti voluptas aspernatur incidunt placeat cum aut. Vel asperiores iste temporibus velit reprehenderit et. Illum nesciunt et optio et ad ea.', '2006-11-30 13:20:09');
INSERT INTO `messages` (`id`, `from_user_id`, `to_user_id`, `body`, `created_at`) VALUES ('96', '27', '80', 'Sed autem aspernatur eveniet id. Voluptates quibusdam et repudiandae omnis. Est provident et autem ea esse sunt quibusdam quasi.', '2005-09-02 15:13:02');
INSERT INTO `messages` (`id`, `from_user_id`, `to_user_id`, `body`, `created_at`) VALUES ('97', '51', '56', 'Aut eos odit mollitia quia omnis fugiat voluptatibus consequuntur. Et esse cum voluptatem aliquid. Dolor illo sint impedit. Dignissimos eum dolores voluptatum ipsa.', '1986-02-25 12:09:39');
INSERT INTO `messages` (`id`, `from_user_id`, `to_user_id`, `body`, `created_at`) VALUES ('98', '82', '84', 'Nihil in repellendus sed ab commodi sed nesciunt. Repudiandae praesentium dolores enim quasi voluptas aperiam. Sed cupiditate qui cum. Quas aut atque adipisci iste eum pariatur.', '1972-10-11 09:28:10');
INSERT INTO `messages` (`id`, `from_user_id`, `to_user_id`, `body`, `created_at`) VALUES ('99', '65', '93', 'Ab optio tempore quia autem suscipit error. Laboriosam voluptatem necessitatibus placeat et excepturi. Culpa molestias suscipit autem doloribus cumque quas.', '1981-10-11 23:09:35');
INSERT INTO `messages` (`id`, `from_user_id`, `to_user_id`, `body`, `created_at`) VALUES ('100', '15', '62', 'Neque aperiam ut quia optio voluptate mollitia et. Vel recusandae quisquam ducimus sit consequatur nam. Mollitia ea quod a enim.', '1974-12-23 07:45:24');


#
# TABLE STRUCTURE FOR: photo_albums
#

DROP TABLE IF EXISTS `photo_albums`;

CREATE TABLE `photo_albums` (
  `id` bigint(20) unsigned NOT NULL AUTO_INCREMENT,
  `name` varchar(255) COLLATE utf8mb4_unicode_ci DEFAULT NULL,
  `user_id` bigint(20) unsigned DEFAULT NULL,
  PRIMARY KEY (`id`),
  UNIQUE KEY `id` (`id`),
  KEY `user_id` (`user_id`),
  CONSTRAINT `photo_albums_ibfk_1` FOREIGN KEY (`user_id`) REFERENCES `users` (`id`) ON DELETE SET NULL ON UPDATE CASCADE
) ENGINE=InnoDB AUTO_INCREMENT=101 DEFAULT CHARSET=utf8mb4 COLLATE=utf8mb4_unicode_ci;

INSERT INTO `photo_albums` (`id`, `name`, `user_id`) VALUES ('1', 'dolorem', '25');
INSERT INTO `photo_albums` (`id`, `name`, `user_id`) VALUES ('2', 'voluptatem', '25');
INSERT INTO `photo_albums` (`id`, `name`, `user_id`) VALUES ('3', 'laudantium', '16');
INSERT INTO `photo_albums` (`id`, `name`, `user_id`) VALUES ('4', 'alias', '46');
INSERT INTO `photo_albums` (`id`, `name`, `user_id`) VALUES ('5', 'aut', '63');
INSERT INTO `photo_albums` (`id`, `name`, `user_id`) VALUES ('6', 'et', '69');
INSERT INTO `photo_albums` (`id`, `name`, `user_id`) VALUES ('7', 'est', '38');
INSERT INTO `photo_albums` (`id`, `name`, `user_id`) VALUES ('8', 'magnam', '31');
INSERT INTO `photo_albums` (`id`, `name`, `user_id`) VALUES ('9', 'labore', '91');
INSERT INTO `photo_albums` (`id`, `name`, `user_id`) VALUES ('10', 'doloribus', '75');
INSERT INTO `photo_albums` (`id`, `name`, `user_id`) VALUES ('11', 'vero', '59');
INSERT INTO `photo_albums` (`id`, `name`, `user_id`) VALUES ('12', 'molestiae', '22');
INSERT INTO `photo_albums` (`id`, `name`, `user_id`) VALUES ('13', 'nobis', '16');
INSERT INTO `photo_albums` (`id`, `name`, `user_id`) VALUES ('14', 'sed', '27');
INSERT INTO `photo_albums` (`id`, `name`, `user_id`) VALUES ('15', 'consequatur', '25');
INSERT INTO `photo_albums` (`id`, `name`, `user_id`) VALUES ('16', 'ipsum', '92');
INSERT INTO `photo_albums` (`id`, `name`, `user_id`) VALUES ('17', 'ipsam', '73');
INSERT INTO `photo_albums` (`id`, `name`, `user_id`) VALUES ('18', 'sit', '22');
INSERT INTO `photo_albums` (`id`, `name`, `user_id`) VALUES ('19', 'reprehenderit', '8');
INSERT INTO `photo_albums` (`id`, `name`, `user_id`) VALUES ('20', 'illo', '21');
INSERT INTO `photo_albums` (`id`, `name`, `user_id`) VALUES ('21', 'est', '2');
INSERT INTO `photo_albums` (`id`, `name`, `user_id`) VALUES ('22', 'quos', '40');
INSERT INTO `photo_albums` (`id`, `name`, `user_id`) VALUES ('23', 'dolores', '40');
INSERT INTO `photo_albums` (`id`, `name`, `user_id`) VALUES ('24', 'placeat', '67');
INSERT INTO `photo_albums` (`id`, `name`, `user_id`) VALUES ('25', 'voluptatem', '46');
INSERT INTO `photo_albums` (`id`, `name`, `user_id`) VALUES ('26', 'labore', '10');
INSERT INTO `photo_albums` (`id`, `name`, `user_id`) VALUES ('27', 'quo', '91');
INSERT INTO `photo_albums` (`id`, `name`, `user_id`) VALUES ('28', 'excepturi', '2');
INSERT INTO `photo_albums` (`id`, `name`, `user_id`) VALUES ('29', 'vitae', '93');
INSERT INTO `photo_albums` (`id`, `name`, `user_id`) VALUES ('30', 'impedit', '21');
INSERT INTO `photo_albums` (`id`, `name`, `user_id`) VALUES ('31', 'illum', '57');
INSERT INTO `photo_albums` (`id`, `name`, `user_id`) VALUES ('32', 'quas', '17');
INSERT INTO `photo_albums` (`id`, `name`, `user_id`) VALUES ('33', 'quia', '46');
INSERT INTO `photo_albums` (`id`, `name`, `user_id`) VALUES ('34', 'numquam', '72');
INSERT INTO `photo_albums` (`id`, `name`, `user_id`) VALUES ('35', 'iure', '63');
INSERT INTO `photo_albums` (`id`, `name`, `user_id`) VALUES ('36', 'nam', '8');
INSERT INTO `photo_albums` (`id`, `name`, `user_id`) VALUES ('37', 'repellendus', '41');
INSERT INTO `photo_albums` (`id`, `name`, `user_id`) VALUES ('38', 'hic', '1');
INSERT INTO `photo_albums` (`id`, `name`, `user_id`) VALUES ('39', 'suscipit', '38');
INSERT INTO `photo_albums` (`id`, `name`, `user_id`) VALUES ('40', 'fugit', '31');
INSERT INTO `photo_albums` (`id`, `name`, `user_id`) VALUES ('41', 'facere', '75');
INSERT INTO `photo_albums` (`id`, `name`, `user_id`) VALUES ('42', 'quia', '97');
INSERT INTO `photo_albums` (`id`, `name`, `user_id`) VALUES ('43', 'delectus', '53');
INSERT INTO `photo_albums` (`id`, `name`, `user_id`) VALUES ('44', 'et', '91');
INSERT INTO `photo_albums` (`id`, `name`, `user_id`) VALUES ('45', 'harum', '23');
INSERT INTO `photo_albums` (`id`, `name`, `user_id`) VALUES ('46', 'unde', '77');
INSERT INTO `photo_albums` (`id`, `name`, `user_id`) VALUES ('47', 'ut', '83');
INSERT INTO `photo_albums` (`id`, `name`, `user_id`) VALUES ('48', 'voluptatum', '95');
INSERT INTO `photo_albums` (`id`, `name`, `user_id`) VALUES ('49', 'est', '98');
INSERT INTO `photo_albums` (`id`, `name`, `user_id`) VALUES ('50', 'aliquid', '91');
INSERT INTO `photo_albums` (`id`, `name`, `user_id`) VALUES ('51', 'velit', '16');
INSERT INTO `photo_albums` (`id`, `name`, `user_id`) VALUES ('52', 'blanditiis', '100');
INSERT INTO `photo_albums` (`id`, `name`, `user_id`) VALUES ('53', 'eligendi', '30');
INSERT INTO `photo_albums` (`id`, `name`, `user_id`) VALUES ('54', 'et', '55');
INSERT INTO `photo_albums` (`id`, `name`, `user_id`) VALUES ('55', 'quis', '67');
INSERT INTO `photo_albums` (`id`, `name`, `user_id`) VALUES ('56', 'quia', '76');
INSERT INTO `photo_albums` (`id`, `name`, `user_id`) VALUES ('57', 'quia', '64');
INSERT INTO `photo_albums` (`id`, `name`, `user_id`) VALUES ('58', 'ratione', '57');
INSERT INTO `photo_albums` (`id`, `name`, `user_id`) VALUES ('59', 'quia', '78');
INSERT INTO `photo_albums` (`id`, `name`, `user_id`) VALUES ('60', 'perferendis', '57');
INSERT INTO `photo_albums` (`id`, `name`, `user_id`) VALUES ('61', 'aperiam', '78');
INSERT INTO `photo_albums` (`id`, `name`, `user_id`) VALUES ('62', 'repellendus', '34');
INSERT INTO `photo_albums` (`id`, `name`, `user_id`) VALUES ('63', 'labore', '74');
INSERT INTO `photo_albums` (`id`, `name`, `user_id`) VALUES ('64', 'consequuntur', '23');
INSERT INTO `photo_albums` (`id`, `name`, `user_id`) VALUES ('65', 'odio', '6');
INSERT INTO `photo_albums` (`id`, `name`, `user_id`) VALUES ('66', 'sit', '36');
INSERT INTO `photo_albums` (`id`, `name`, `user_id`) VALUES ('67', 'ipsam', '30');
INSERT INTO `photo_albums` (`id`, `name`, `user_id`) VALUES ('68', 'perspiciatis', '46');
INSERT INTO `photo_albums` (`id`, `name`, `user_id`) VALUES ('69', 'maiores', '37');
INSERT INTO `photo_albums` (`id`, `name`, `user_id`) VALUES ('70', 'suscipit', '68');
INSERT INTO `photo_albums` (`id`, `name`, `user_id`) VALUES ('71', 'hic', '77');
INSERT INTO `photo_albums` (`id`, `name`, `user_id`) VALUES ('72', 'non', '11');
INSERT INTO `photo_albums` (`id`, `name`, `user_id`) VALUES ('73', 'officiis', '64');
INSERT INTO `photo_albums` (`id`, `name`, `user_id`) VALUES ('74', 'quos', '29');
INSERT INTO `photo_albums` (`id`, `name`, `user_id`) VALUES ('75', 'quasi', '2');
INSERT INTO `photo_albums` (`id`, `name`, `user_id`) VALUES ('76', 'ipsam', '87');
INSERT INTO `photo_albums` (`id`, `name`, `user_id`) VALUES ('77', 'rem', '5');
INSERT INTO `photo_albums` (`id`, `name`, `user_id`) VALUES ('78', 'molestias', '84');
INSERT INTO `photo_albums` (`id`, `name`, `user_id`) VALUES ('79', 'quas', '82');
INSERT INTO `photo_albums` (`id`, `name`, `user_id`) VALUES ('80', 'animi', '3');
INSERT INTO `photo_albums` (`id`, `name`, `user_id`) VALUES ('81', 'alias', '74');
INSERT INTO `photo_albums` (`id`, `name`, `user_id`) VALUES ('82', 'libero', '97');
INSERT INTO `photo_albums` (`id`, `name`, `user_id`) VALUES ('83', 'doloribus', '2');
INSERT INTO `photo_albums` (`id`, `name`, `user_id`) VALUES ('84', 'dolor', '4');
INSERT INTO `photo_albums` (`id`, `name`, `user_id`) VALUES ('85', 'in', '51');
INSERT INTO `photo_albums` (`id`, `name`, `user_id`) VALUES ('86', 'doloribus', '68');
INSERT INTO `photo_albums` (`id`, `name`, `user_id`) VALUES ('87', 'doloremque', '80');
INSERT INTO `photo_albums` (`id`, `name`, `user_id`) VALUES ('88', 'ipsum', '14');
INSERT INTO `photo_albums` (`id`, `name`, `user_id`) VALUES ('89', 'et', '25');
INSERT INTO `photo_albums` (`id`, `name`, `user_id`) VALUES ('90', 'accusamus', '57');
INSERT INTO `photo_albums` (`id`, `name`, `user_id`) VALUES ('91', 'sint', '71');
INSERT INTO `photo_albums` (`id`, `name`, `user_id`) VALUES ('92', 'rerum', '2');
INSERT INTO `photo_albums` (`id`, `name`, `user_id`) VALUES ('93', 'dolorem', '91');
INSERT INTO `photo_albums` (`id`, `name`, `user_id`) VALUES ('94', 'non', '44');
INSERT INTO `photo_albums` (`id`, `name`, `user_id`) VALUES ('95', 'sunt', '25');
INSERT INTO `photo_albums` (`id`, `name`, `user_id`) VALUES ('96', 'tempore', '96');
INSERT INTO `photo_albums` (`id`, `name`, `user_id`) VALUES ('97', 'omnis', '80');
INSERT INTO `photo_albums` (`id`, `name`, `user_id`) VALUES ('98', 'aut', '54');
INSERT INTO `photo_albums` (`id`, `name`, `user_id`) VALUES ('99', 'veritatis', '41');
INSERT INTO `photo_albums` (`id`, `name`, `user_id`) VALUES ('100', 'vel', '16');


#
# TABLE STRUCTURE FOR: photos
#

DROP TABLE IF EXISTS `photos`;

CREATE TABLE `photos` (
  `id` bigint(20) unsigned NOT NULL AUTO_INCREMENT,
  `album_id` bigint(20) unsigned NOT NULL,
  `media_id` bigint(20) unsigned NOT NULL,
  PRIMARY KEY (`id`),
  KEY `album_id` (`album_id`),
  KEY `media_id` (`media_id`),
  CONSTRAINT `photos_ibfk_1` FOREIGN KEY (`album_id`) REFERENCES `photo_albums` (`id`) ON DELETE CASCADE ON UPDATE CASCADE,
  CONSTRAINT `photos_ibfk_2` FOREIGN KEY (`media_id`) REFERENCES `media` (`id`) ON DELETE CASCADE ON UPDATE CASCADE
) ENGINE=InnoDB AUTO_INCREMENT=101 DEFAULT CHARSET=utf8mb4 COLLATE=utf8mb4_unicode_ci;

INSERT INTO `photos` (`id`, `album_id`, `media_id`) VALUES ('1', '89', '1');
INSERT INTO `photos` (`id`, `album_id`, `media_id`) VALUES ('2', '53', '2');
INSERT INTO `photos` (`id`, `album_id`, `media_id`) VALUES ('3', '89', '3');
INSERT INTO `photos` (`id`, `album_id`, `media_id`) VALUES ('4', '51', '4');
INSERT INTO `photos` (`id`, `album_id`, `media_id`) VALUES ('5', '13', '5');
INSERT INTO `photos` (`id`, `album_id`, `media_id`) VALUES ('6', '2', '6');
INSERT INTO `photos` (`id`, `album_id`, `media_id`) VALUES ('7', '92', '7');
INSERT INTO `photos` (`id`, `album_id`, `media_id`) VALUES ('8', '31', '8');
INSERT INTO `photos` (`id`, `album_id`, `media_id`) VALUES ('9', '25', '9');
INSERT INTO `photos` (`id`, `album_id`, `media_id`) VALUES ('10', '59', '10');
INSERT INTO `photos` (`id`, `album_id`, `media_id`) VALUES ('11', '67', '11');
INSERT INTO `photos` (`id`, `album_id`, `media_id`) VALUES ('12', '26', '12');
INSERT INTO `photos` (`id`, `album_id`, `media_id`) VALUES ('13', '83', '13');
INSERT INTO `photos` (`id`, `album_id`, `media_id`) VALUES ('14', '49', '14');
INSERT INTO `photos` (`id`, `album_id`, `media_id`) VALUES ('15', '6', '15');
INSERT INTO `photos` (`id`, `album_id`, `media_id`) VALUES ('16', '86', '16');
INSERT INTO `photos` (`id`, `album_id`, `media_id`) VALUES ('17', '52', '17');
INSERT INTO `photos` (`id`, `album_id`, `media_id`) VALUES ('18', '88', '18');
INSERT INTO `photos` (`id`, `album_id`, `media_id`) VALUES ('19', '80', '19');
INSERT INTO `photos` (`id`, `album_id`, `media_id`) VALUES ('20', '1', '20');
INSERT INTO `photos` (`id`, `album_id`, `media_id`) VALUES ('21', '27', '21');
INSERT INTO `photos` (`id`, `album_id`, `media_id`) VALUES ('22', '81', '22');
INSERT INTO `photos` (`id`, `album_id`, `media_id`) VALUES ('23', '61', '23');
INSERT INTO `photos` (`id`, `album_id`, `media_id`) VALUES ('24', '45', '24');
INSERT INTO `photos` (`id`, `album_id`, `media_id`) VALUES ('25', '41', '25');
INSERT INTO `photos` (`id`, `album_id`, `media_id`) VALUES ('26', '90', '26');
INSERT INTO `photos` (`id`, `album_id`, `media_id`) VALUES ('27', '71', '27');
INSERT INTO `photos` (`id`, `album_id`, `media_id`) VALUES ('28', '77', '28');
INSERT INTO `photos` (`id`, `album_id`, `media_id`) VALUES ('29', '88', '29');
INSERT INTO `photos` (`id`, `album_id`, `media_id`) VALUES ('30', '6', '30');
INSERT INTO `photos` (`id`, `album_id`, `media_id`) VALUES ('31', '77', '31');
INSERT INTO `photos` (`id`, `album_id`, `media_id`) VALUES ('32', '76', '32');
INSERT INTO `photos` (`id`, `album_id`, `media_id`) VALUES ('33', '58', '33');
INSERT INTO `photos` (`id`, `album_id`, `media_id`) VALUES ('34', '66', '34');
INSERT INTO `photos` (`id`, `album_id`, `media_id`) VALUES ('35', '27', '35');
INSERT INTO `photos` (`id`, `album_id`, `media_id`) VALUES ('36', '70', '36');
INSERT INTO `photos` (`id`, `album_id`, `media_id`) VALUES ('37', '67', '37');
INSERT INTO `photos` (`id`, `album_id`, `media_id`) VALUES ('38', '18', '38');
INSERT INTO `photos` (`id`, `album_id`, `media_id`) VALUES ('39', '100', '39');
INSERT INTO `photos` (`id`, `album_id`, `media_id`) VALUES ('40', '91', '40');
INSERT INTO `photos` (`id`, `album_id`, `media_id`) VALUES ('41', '77', '41');
INSERT INTO `photos` (`id`, `album_id`, `media_id`) VALUES ('42', '66', '42');
INSERT INTO `photos` (`id`, `album_id`, `media_id`) VALUES ('43', '16', '43');
INSERT INTO `photos` (`id`, `album_id`, `media_id`) VALUES ('44', '60', '44');
INSERT INTO `photos` (`id`, `album_id`, `media_id`) VALUES ('45', '15', '45');
INSERT INTO `photos` (`id`, `album_id`, `media_id`) VALUES ('46', '22', '46');
INSERT INTO `photos` (`id`, `album_id`, `media_id`) VALUES ('47', '46', '47');
INSERT INTO `photos` (`id`, `album_id`, `media_id`) VALUES ('48', '66', '48');
INSERT INTO `photos` (`id`, `album_id`, `media_id`) VALUES ('49', '10', '49');
INSERT INTO `photos` (`id`, `album_id`, `media_id`) VALUES ('50', '26', '50');
INSERT INTO `photos` (`id`, `album_id`, `media_id`) VALUES ('51', '66', '51');
INSERT INTO `photos` (`id`, `album_id`, `media_id`) VALUES ('52', '36', '52');
INSERT INTO `photos` (`id`, `album_id`, `media_id`) VALUES ('53', '6', '53');
INSERT INTO `photos` (`id`, `album_id`, `media_id`) VALUES ('54', '27', '54');
INSERT INTO `photos` (`id`, `album_id`, `media_id`) VALUES ('55', '80', '55');
INSERT INTO `photos` (`id`, `album_id`, `media_id`) VALUES ('56', '47', '56');
INSERT INTO `photos` (`id`, `album_id`, `media_id`) VALUES ('57', '16', '57');
INSERT INTO `photos` (`id`, `album_id`, `media_id`) VALUES ('58', '50', '58');
INSERT INTO `photos` (`id`, `album_id`, `media_id`) VALUES ('59', '23', '59');
INSERT INTO `photos` (`id`, `album_id`, `media_id`) VALUES ('60', '4', '60');
INSERT INTO `photos` (`id`, `album_id`, `media_id`) VALUES ('61', '55', '61');
INSERT INTO `photos` (`id`, `album_id`, `media_id`) VALUES ('62', '100', '62');
INSERT INTO `photos` (`id`, `album_id`, `media_id`) VALUES ('63', '80', '63');
INSERT INTO `photos` (`id`, `album_id`, `media_id`) VALUES ('64', '13', '64');
INSERT INTO `photos` (`id`, `album_id`, `media_id`) VALUES ('65', '65', '65');
INSERT INTO `photos` (`id`, `album_id`, `media_id`) VALUES ('66', '6', '66');
INSERT INTO `photos` (`id`, `album_id`, `media_id`) VALUES ('67', '82', '67');
INSERT INTO `photos` (`id`, `album_id`, `media_id`) VALUES ('68', '32', '68');
INSERT INTO `photos` (`id`, `album_id`, `media_id`) VALUES ('69', '24', '69');
INSERT INTO `photos` (`id`, `album_id`, `media_id`) VALUES ('70', '82', '70');
INSERT INTO `photos` (`id`, `album_id`, `media_id`) VALUES ('71', '22', '71');
INSERT INTO `photos` (`id`, `album_id`, `media_id`) VALUES ('72', '1', '72');
INSERT INTO `photos` (`id`, `album_id`, `media_id`) VALUES ('73', '48', '73');
INSERT INTO `photos` (`id`, `album_id`, `media_id`) VALUES ('74', '38', '74');
INSERT INTO `photos` (`id`, `album_id`, `media_id`) VALUES ('75', '60', '75');
INSERT INTO `photos` (`id`, `album_id`, `media_id`) VALUES ('76', '63', '76');
INSERT INTO `photos` (`id`, `album_id`, `media_id`) VALUES ('77', '59', '77');
INSERT INTO `photos` (`id`, `album_id`, `media_id`) VALUES ('78', '6', '78');
INSERT INTO `photos` (`id`, `album_id`, `media_id`) VALUES ('79', '28', '79');
INSERT INTO `photos` (`id`, `album_id`, `media_id`) VALUES ('80', '68', '80');
INSERT INTO `photos` (`id`, `album_id`, `media_id`) VALUES ('81', '31', '81');
INSERT INTO `photos` (`id`, `album_id`, `media_id`) VALUES ('82', '94', '82');
INSERT INTO `photos` (`id`, `album_id`, `media_id`) VALUES ('83', '3', '83');
INSERT INTO `photos` (`id`, `album_id`, `media_id`) VALUES ('84', '37', '84');
INSERT INTO `photos` (`id`, `album_id`, `media_id`) VALUES ('85', '20', '85');
INSERT INTO `photos` (`id`, `album_id`, `media_id`) VALUES ('86', '83', '86');
INSERT INTO `photos` (`id`, `album_id`, `media_id`) VALUES ('87', '83', '87');
INSERT INTO `photos` (`id`, `album_id`, `media_id`) VALUES ('88', '36', '88');
INSERT INTO `photos` (`id`, `album_id`, `media_id`) VALUES ('89', '32', '89');
INSERT INTO `photos` (`id`, `album_id`, `media_id`) VALUES ('90', '6', '90');
INSERT INTO `photos` (`id`, `album_id`, `media_id`) VALUES ('91', '39', '91');
INSERT INTO `photos` (`id`, `album_id`, `media_id`) VALUES ('92', '87', '92');
INSERT INTO `photos` (`id`, `album_id`, `media_id`) VALUES ('93', '6', '93');
INSERT INTO `photos` (`id`, `album_id`, `media_id`) VALUES ('94', '18', '94');
INSERT INTO `photos` (`id`, `album_id`, `media_id`) VALUES ('95', '99', '95');
INSERT INTO `photos` (`id`, `album_id`, `media_id`) VALUES ('96', '70', '96');
INSERT INTO `photos` (`id`, `album_id`, `media_id`) VALUES ('97', '24', '97');
INSERT INTO `photos` (`id`, `album_id`, `media_id`) VALUES ('98', '81', '98');
INSERT INTO `photos` (`id`, `album_id`, `media_id`) VALUES ('99', '1', '99');
INSERT INTO `photos` (`id`, `album_id`, `media_id`) VALUES ('100', '47', '100');


#
# TABLE STRUCTURE FOR: profiles
#

DROP TABLE IF EXISTS `profiles`;

CREATE TABLE `profiles` (
  `user_id` bigint(20) unsigned NOT NULL AUTO_INCREMENT,
  `gender` char(1) COLLATE utf8mb4_unicode_ci DEFAULT NULL,
  `birthday` date DEFAULT NULL,
  `photo_id` bigint(20) unsigned DEFAULT NULL,
  `created_at` datetime DEFAULT current_timestamp(),
  `hometown` varchar(100) COLLATE utf8mb4_unicode_ci DEFAULT NULL,
  PRIMARY KEY (`user_id`),
  KEY `fk_photo_id` (`photo_id`),
  CONSTRAINT `fk_photo_id` FOREIGN KEY (`photo_id`) REFERENCES `photos` (`id`) ON DELETE SET NULL ON UPDATE CASCADE,
  CONSTRAINT `fk_user_id` FOREIGN KEY (`user_id`) REFERENCES `users` (`id`) ON DELETE CASCADE ON UPDATE CASCADE
) ENGINE=InnoDB AUTO_INCREMENT=101 DEFAULT CHARSET=utf8mb4 COLLATE=utf8mb4_unicode_ci;

INSERT INTO `profiles` (`user_id`, `gender`, `birthday`, `photo_id`, `created_at`, `hometown`) VALUES ('1', 'f', '1978-11-29', '97', '2015-08-20 19:46:17', 'Rosenbaumton');
INSERT INTO `profiles` (`user_id`, `gender`, `birthday`, `photo_id`, `created_at`, `hometown`) VALUES ('2', '', '1977-07-16', '7', '1987-07-02 19:25:38', 'Port Daishachester');
INSERT INTO `profiles` (`user_id`, `gender`, `birthday`, `photo_id`, `created_at`, `hometown`) VALUES ('3', 'f', '1978-04-13', '30', '2009-10-06 15:10:29', 'Lake Laverna');
INSERT INTO `profiles` (`user_id`, `gender`, `birthday`, `photo_id`, `created_at`, `hometown`) VALUES ('4', '', '1991-10-13', '89', '2018-05-18 01:58:47', 'West Alizaburgh');
INSERT INTO `profiles` (`user_id`, `gender`, `birthday`, `photo_id`, `created_at`, `hometown`) VALUES ('5', '', '1972-01-15', '53', '2006-10-07 22:08:57', 'North Howell');
INSERT INTO `profiles` (`user_id`, `gender`, `birthday`, `photo_id`, `created_at`, `hometown`) VALUES ('6', '', '1992-12-07', '69', '2000-05-23 09:13:50', 'Gilliantown');
INSERT INTO `profiles` (`user_id`, `gender`, `birthday`, `photo_id`, `created_at`, `hometown`) VALUES ('7', '', '1970-07-16', '24', '2008-10-19 14:09:26', 'Denabury');
INSERT INTO `profiles` (`user_id`, `gender`, `birthday`, `photo_id`, `created_at`, `hometown`) VALUES ('8', '', '1975-02-19', '77', '1994-07-04 22:08:23', 'Port Julianne');
INSERT INTO `profiles` (`user_id`, `gender`, `birthday`, `photo_id`, `created_at`, `hometown`) VALUES ('9', '', '2008-11-21', '74', '1987-07-26 16:05:45', 'Thompsonside');
INSERT INTO `profiles` (`user_id`, `gender`, `birthday`, `photo_id`, `created_at`, `hometown`) VALUES ('10', 'f', '1978-04-01', '40', '1979-06-17 00:19:20', 'East Jena');
INSERT INTO `profiles` (`user_id`, `gender`, `birthday`, `photo_id`, `created_at`, `hometown`) VALUES ('11', 'f', '1977-11-14', '38', '1974-09-06 22:03:09', 'Lebsackmouth');
INSERT INTO `profiles` (`user_id`, `gender`, `birthday`, `photo_id`, `created_at`, `hometown`) VALUES ('12', 'f', '1998-09-03', '2', '1994-06-05 19:21:33', 'Wunschborough');
INSERT INTO `profiles` (`user_id`, `gender`, `birthday`, `photo_id`, `created_at`, `hometown`) VALUES ('13', 'f', '2016-06-25', '57', '1986-01-28 14:09:14', 'North Weldon');
INSERT INTO `profiles` (`user_id`, `gender`, `birthday`, `photo_id`, `created_at`, `hometown`) VALUES ('14', '', '1988-07-07', '51', '2012-06-06 02:28:24', 'East Genovevaborough');
INSERT INTO `profiles` (`user_id`, `gender`, `birthday`, `photo_id`, `created_at`, `hometown`) VALUES ('15', 'f', '1987-12-20', '91', '1995-08-19 02:54:18', 'Hagenesburgh');
INSERT INTO `profiles` (`user_id`, `gender`, `birthday`, `photo_id`, `created_at`, `hometown`) VALUES ('16', '', '2004-12-07', '40', '1995-09-11 23:20:08', 'West Greyson');
INSERT INTO `profiles` (`user_id`, `gender`, `birthday`, `photo_id`, `created_at`, `hometown`) VALUES ('17', '', '1974-07-22', '95', '2005-11-24 06:10:53', 'North Halie');
INSERT INTO `profiles` (`user_id`, `gender`, `birthday`, `photo_id`, `created_at`, `hometown`) VALUES ('18', '', '1999-07-19', '42', '1976-11-07 14:59:58', 'Lianafort');
INSERT INTO `profiles` (`user_id`, `gender`, `birthday`, `photo_id`, `created_at`, `hometown`) VALUES ('19', 'f', '1993-11-27', '92', '2020-09-10 16:15:24', 'Eliasberg');
INSERT INTO `profiles` (`user_id`, `gender`, `birthday`, `photo_id`, `created_at`, `hometown`) VALUES ('20', 'f', '2016-11-03', '94', '2011-03-17 05:37:44', 'Lorainemouth');
INSERT INTO `profiles` (`user_id`, `gender`, `birthday`, `photo_id`, `created_at`, `hometown`) VALUES ('21', 'f', '1996-11-12', '97', '1984-05-06 05:39:38', 'Lake Maudietown');
INSERT INTO `profiles` (`user_id`, `gender`, `birthday`, `photo_id`, `created_at`, `hometown`) VALUES ('22', '', '1991-05-02', '15', '1982-05-16 05:39:11', 'Lake Earnestineside');
INSERT INTO `profiles` (`user_id`, `gender`, `birthday`, `photo_id`, `created_at`, `hometown`) VALUES ('23', '', '2003-04-24', '59', '2012-10-07 02:11:03', 'Lednermouth');
INSERT INTO `profiles` (`user_id`, `gender`, `birthday`, `photo_id`, `created_at`, `hometown`) VALUES ('24', 'f', '2017-12-18', '36', '1978-12-17 04:13:48', 'Roseland');
INSERT INTO `profiles` (`user_id`, `gender`, `birthday`, `photo_id`, `created_at`, `hometown`) VALUES ('25', 'f', '2000-11-05', '58', '2006-05-17 23:38:49', 'South Johnathanfort');
INSERT INTO `profiles` (`user_id`, `gender`, `birthday`, `photo_id`, `created_at`, `hometown`) VALUES ('26', '', '1989-03-01', '49', '1987-02-06 15:46:21', 'North Jackmouth');
INSERT INTO `profiles` (`user_id`, `gender`, `birthday`, `photo_id`, `created_at`, `hometown`) VALUES ('27', 'f', '2009-03-27', '44', '2003-04-11 12:54:41', 'East Aniyahport');
INSERT INTO `profiles` (`user_id`, `gender`, `birthday`, `photo_id`, `created_at`, `hometown`) VALUES ('28', 'f', '1971-12-14', '19', '1986-02-25 21:02:06', 'North Myrnabury');
INSERT INTO `profiles` (`user_id`, `gender`, `birthday`, `photo_id`, `created_at`, `hometown`) VALUES ('29', '', '2007-09-22', '55', '2006-01-25 23:14:03', 'Lake Whitney');
INSERT INTO `profiles` (`user_id`, `gender`, `birthday`, `photo_id`, `created_at`, `hometown`) VALUES ('30', '', '2016-10-15', '33', '2019-10-28 19:33:41', 'North Cathrine');
INSERT INTO `profiles` (`user_id`, `gender`, `birthday`, `photo_id`, `created_at`, `hometown`) VALUES ('31', '', '1970-12-29', '52', '1971-03-31 17:22:32', 'New Yessenia');
INSERT INTO `profiles` (`user_id`, `gender`, `birthday`, `photo_id`, `created_at`, `hometown`) VALUES ('32', '', '2019-09-16', '51', '1992-11-26 12:47:06', 'South Issac');
INSERT INTO `profiles` (`user_id`, `gender`, `birthday`, `photo_id`, `created_at`, `hometown`) VALUES ('33', 'f', '1999-10-17', '40', '2004-10-18 00:28:06', 'New Mariettaburgh');
INSERT INTO `profiles` (`user_id`, `gender`, `birthday`, `photo_id`, `created_at`, `hometown`) VALUES ('34', 'f', '2014-08-27', '82', '1990-10-25 15:19:46', 'Lake Leopoldo');
INSERT INTO `profiles` (`user_id`, `gender`, `birthday`, `photo_id`, `created_at`, `hometown`) VALUES ('35', 'f', '1999-12-03', '39', '2013-12-21 15:23:13', 'Morissettechester');
INSERT INTO `profiles` (`user_id`, `gender`, `birthday`, `photo_id`, `created_at`, `hometown`) VALUES ('36', '', '1978-05-16', '92', '2003-01-13 18:27:42', 'Kaleybury');
INSERT INTO `profiles` (`user_id`, `gender`, `birthday`, `photo_id`, `created_at`, `hometown`) VALUES ('37', 'f', '1987-12-02', '51', '2000-08-03 09:38:45', 'Gaylordmouth');
INSERT INTO `profiles` (`user_id`, `gender`, `birthday`, `photo_id`, `created_at`, `hometown`) VALUES ('38', '', '2016-07-01', '63', '2008-02-23 05:09:20', 'South Orie');
INSERT INTO `profiles` (`user_id`, `gender`, `birthday`, `photo_id`, `created_at`, `hometown`) VALUES ('39', '', '1980-04-23', '69', '1985-05-17 20:26:31', 'Lowellfurt');
INSERT INTO `profiles` (`user_id`, `gender`, `birthday`, `photo_id`, `created_at`, `hometown`) VALUES ('40', 'f', '1995-10-05', '25', '2000-03-24 23:57:39', 'Granttown');
INSERT INTO `profiles` (`user_id`, `gender`, `birthday`, `photo_id`, `created_at`, `hometown`) VALUES ('41', 'f', '1985-07-09', '2', '1983-09-21 10:50:39', 'New Sheilahaven');
INSERT INTO `profiles` (`user_id`, `gender`, `birthday`, `photo_id`, `created_at`, `hometown`) VALUES ('42', 'f', '1973-04-19', '7', '2003-04-30 06:32:16', 'Port Malikaside');
INSERT INTO `profiles` (`user_id`, `gender`, `birthday`, `photo_id`, `created_at`, `hometown`) VALUES ('43', '', '1980-07-04', '27', '2020-06-30 13:01:14', 'Jonathonshire');
INSERT INTO `profiles` (`user_id`, `gender`, `birthday`, `photo_id`, `created_at`, `hometown`) VALUES ('44', 'f', '1979-09-30', '59', '2008-02-25 17:43:11', 'Lake Emerald');
INSERT INTO `profiles` (`user_id`, `gender`, `birthday`, `photo_id`, `created_at`, `hometown`) VALUES ('45', '', '1990-10-13', '58', '2015-09-14 14:27:29', 'Port Rosarioshire');
INSERT INTO `profiles` (`user_id`, `gender`, `birthday`, `photo_id`, `created_at`, `hometown`) VALUES ('46', 'f', '1990-04-26', '17', '1974-05-30 20:08:44', 'East Murraychester');
INSERT INTO `profiles` (`user_id`, `gender`, `birthday`, `photo_id`, `created_at`, `hometown`) VALUES ('47', '', '1992-01-16', '99', '1983-07-16 00:20:37', 'North Orlomouth');
INSERT INTO `profiles` (`user_id`, `gender`, `birthday`, `photo_id`, `created_at`, `hometown`) VALUES ('48', 'f', '2019-06-26', '52', '1993-04-27 01:14:37', 'East Dejamouth');
INSERT INTO `profiles` (`user_id`, `gender`, `birthday`, `photo_id`, `created_at`, `hometown`) VALUES ('49', '', '2013-02-11', '59', '2018-11-10 15:51:14', 'Torphyburgh');
INSERT INTO `profiles` (`user_id`, `gender`, `birthday`, `photo_id`, `created_at`, `hometown`) VALUES ('50', 'f', '2015-02-23', '90', '1974-03-19 15:54:33', 'North Rico');
INSERT INTO `profiles` (`user_id`, `gender`, `birthday`, `photo_id`, `created_at`, `hometown`) VALUES ('51', 'f', '2003-04-18', '45', '1990-03-23 00:56:10', 'Dickichester');
INSERT INTO `profiles` (`user_id`, `gender`, `birthday`, `photo_id`, `created_at`, `hometown`) VALUES ('52', 'f', '1997-03-28', '55', '1971-08-14 10:43:20', 'Lake Clay');
INSERT INTO `profiles` (`user_id`, `gender`, `birthday`, `photo_id`, `created_at`, `hometown`) VALUES ('53', 'f', '2015-07-04', '4', '1980-07-20 03:50:30', 'Jaydenchester');
INSERT INTO `profiles` (`user_id`, `gender`, `birthday`, `photo_id`, `created_at`, `hometown`) VALUES ('54', 'f', '1984-11-08', '4', '2016-03-16 19:57:13', 'New Adeline');
INSERT INTO `profiles` (`user_id`, `gender`, `birthday`, `photo_id`, `created_at`, `hometown`) VALUES ('55', 'f', '2017-01-26', '91', '2004-01-27 11:59:58', 'Lake Estella');
INSERT INTO `profiles` (`user_id`, `gender`, `birthday`, `photo_id`, `created_at`, `hometown`) VALUES ('56', 'f', '2021-04-07', '62', '2005-10-25 18:12:02', 'West Jamarcusshire');
INSERT INTO `profiles` (`user_id`, `gender`, `birthday`, `photo_id`, `created_at`, `hometown`) VALUES ('57', '', '1983-04-15', '52', '1972-03-10 04:30:04', 'North Eliezerville');
INSERT INTO `profiles` (`user_id`, `gender`, `birthday`, `photo_id`, `created_at`, `hometown`) VALUES ('58', 'f', '2018-07-29', '34', '1974-05-17 23:40:16', 'Aufderharhaven');
INSERT INTO `profiles` (`user_id`, `gender`, `birthday`, `photo_id`, `created_at`, `hometown`) VALUES ('59', '', '2013-11-03', '81', '2002-11-16 20:49:03', 'South Zulaview');
INSERT INTO `profiles` (`user_id`, `gender`, `birthday`, `photo_id`, `created_at`, `hometown`) VALUES ('60', '', '1987-02-07', '6', '1992-11-07 17:34:23', 'East Yasminemouth');
INSERT INTO `profiles` (`user_id`, `gender`, `birthday`, `photo_id`, `created_at`, `hometown`) VALUES ('61', 'f', '2000-09-03', '67', '2007-08-27 19:16:17', 'Tremblayshire');
INSERT INTO `profiles` (`user_id`, `gender`, `birthday`, `photo_id`, `created_at`, `hometown`) VALUES ('62', '', '2007-10-10', '32', '1973-12-03 15:03:23', 'Port Wilhelmmouth');
INSERT INTO `profiles` (`user_id`, `gender`, `birthday`, `photo_id`, `created_at`, `hometown`) VALUES ('63', '', '2000-04-06', '57', '1977-07-30 15:18:40', 'Port Colin');
INSERT INTO `profiles` (`user_id`, `gender`, `birthday`, `photo_id`, `created_at`, `hometown`) VALUES ('64', '', '2005-10-26', '6', '2007-05-04 10:51:11', 'South Vanceside');
INSERT INTO `profiles` (`user_id`, `gender`, `birthday`, `photo_id`, `created_at`, `hometown`) VALUES ('65', '', '2016-02-19', '14', '1985-06-16 13:24:09', 'Jacobsonbury');
INSERT INTO `profiles` (`user_id`, `gender`, `birthday`, `photo_id`, `created_at`, `hometown`) VALUES ('66', '', '1998-12-22', '96', '1987-05-31 11:32:49', 'Jaydenview');
INSERT INTO `profiles` (`user_id`, `gender`, `birthday`, `photo_id`, `created_at`, `hometown`) VALUES ('67', 'f', '2000-01-16', '97', '1978-02-20 23:29:57', 'Tyrellland');
INSERT INTO `profiles` (`user_id`, `gender`, `birthday`, `photo_id`, `created_at`, `hometown`) VALUES ('68', 'f', '2009-10-12', '65', '2012-10-21 18:34:15', 'Stiedemannfort');
INSERT INTO `profiles` (`user_id`, `gender`, `birthday`, `photo_id`, `created_at`, `hometown`) VALUES ('69', '', '2015-12-01', '58', '2007-04-26 18:50:22', 'Laurineborough');
INSERT INTO `profiles` (`user_id`, `gender`, `birthday`, `photo_id`, `created_at`, `hometown`) VALUES ('70', 'f', '1981-12-11', '66', '2014-08-01 01:48:56', 'Lake Yeseniaport');
INSERT INTO `profiles` (`user_id`, `gender`, `birthday`, `photo_id`, `created_at`, `hometown`) VALUES ('71', 'f', '1989-05-01', '89', '2014-08-03 08:26:49', 'Janellehaven');
INSERT INTO `profiles` (`user_id`, `gender`, `birthday`, `photo_id`, `created_at`, `hometown`) VALUES ('72', 'f', '1997-09-15', '60', '2008-01-15 16:39:45', 'North Jayceeton');
INSERT INTO `profiles` (`user_id`, `gender`, `birthday`, `photo_id`, `created_at`, `hometown`) VALUES ('73', 'f', '1984-01-07', '72', '1996-12-01 14:18:42', 'Columbushaven');
INSERT INTO `profiles` (`user_id`, `gender`, `birthday`, `photo_id`, `created_at`, `hometown`) VALUES ('74', 'f', '1992-02-01', '15', '2020-08-06 15:13:10', 'East Hilmamouth');
INSERT INTO `profiles` (`user_id`, `gender`, `birthday`, `photo_id`, `created_at`, `hometown`) VALUES ('75', 'f', '2001-02-12', '18', '2011-03-17 22:28:52', 'New Izabella');
INSERT INTO `profiles` (`user_id`, `gender`, `birthday`, `photo_id`, `created_at`, `hometown`) VALUES ('76', '', '1972-05-01', '30', '2000-03-12 16:17:43', 'South Lamonttown');
INSERT INTO `profiles` (`user_id`, `gender`, `birthday`, `photo_id`, `created_at`, `hometown`) VALUES ('77', 'f', '1999-03-23', '32', '2013-01-24 23:58:18', 'Romaguerafurt');
INSERT INTO `profiles` (`user_id`, `gender`, `birthday`, `photo_id`, `created_at`, `hometown`) VALUES ('78', '', '2016-06-22', '16', '2022-06-27 13:04:25', 'Lake Valentine');
INSERT INTO `profiles` (`user_id`, `gender`, `birthday`, `photo_id`, `created_at`, `hometown`) VALUES ('79', 'f', '1985-04-10', '81', '1982-05-30 21:39:01', 'South Kaylee');
INSERT INTO `profiles` (`user_id`, `gender`, `birthday`, `photo_id`, `created_at`, `hometown`) VALUES ('80', 'f', '2008-01-07', '90', '2008-06-02 11:26:32', 'Murrayburgh');
INSERT INTO `profiles` (`user_id`, `gender`, `birthday`, `photo_id`, `created_at`, `hometown`) VALUES ('81', '', '1981-03-18', '6', '2004-05-23 17:39:14', 'Krajcikchester');
INSERT INTO `profiles` (`user_id`, `gender`, `birthday`, `photo_id`, `created_at`, `hometown`) VALUES ('82', 'f', '2009-07-06', '26', '1996-12-08 00:44:43', 'South Muhammadfort');
INSERT INTO `profiles` (`user_id`, `gender`, `birthday`, `photo_id`, `created_at`, `hometown`) VALUES ('83', 'f', '1970-01-12', '44', '2015-06-05 18:08:04', 'Matildeview');
INSERT INTO `profiles` (`user_id`, `gender`, `birthday`, `photo_id`, `created_at`, `hometown`) VALUES ('84', '', '2009-08-28', '9', '1979-07-30 21:32:56', 'Crooksshire');
INSERT INTO `profiles` (`user_id`, `gender`, `birthday`, `photo_id`, `created_at`, `hometown`) VALUES ('85', 'f', '2006-08-06', '30', '1973-08-30 11:28:06', 'New Simone');
INSERT INTO `profiles` (`user_id`, `gender`, `birthday`, `photo_id`, `created_at`, `hometown`) VALUES ('86', '', '2008-12-17', '34', '1987-11-25 01:23:32', 'Zemlakborough');
INSERT INTO `profiles` (`user_id`, `gender`, `birthday`, `photo_id`, `created_at`, `hometown`) VALUES ('87', 'f', '1970-01-12', '70', '1980-10-18 02:41:16', 'Jadynberg');
INSERT INTO `profiles` (`user_id`, `gender`, `birthday`, `photo_id`, `created_at`, `hometown`) VALUES ('88', 'f', '1979-09-04', '81', '1971-10-11 20:41:18', 'Shieldsshire');
INSERT INTO `profiles` (`user_id`, `gender`, `birthday`, `photo_id`, `created_at`, `hometown`) VALUES ('89', 'f', '1990-08-22', '68', '1972-07-05 11:54:00', 'South Kyra');
INSERT INTO `profiles` (`user_id`, `gender`, `birthday`, `photo_id`, `created_at`, `hometown`) VALUES ('90', 'f', '1971-01-18', '50', '1976-10-23 01:31:12', 'Masonberg');
INSERT INTO `profiles` (`user_id`, `gender`, `birthday`, `photo_id`, `created_at`, `hometown`) VALUES ('91', 'f', '1974-04-20', '87', '2010-05-27 06:49:45', 'Ronaldomouth');
INSERT INTO `profiles` (`user_id`, `gender`, `birthday`, `photo_id`, `created_at`, `hometown`) VALUES ('92', 'f', '1970-05-09', '34', '1988-08-26 12:04:30', 'Hirtheland');
INSERT INTO `profiles` (`user_id`, `gender`, `birthday`, `photo_id`, `created_at`, `hometown`) VALUES ('93', '', '1970-04-01', '82', '1979-03-23 16:17:00', 'West Rod');
INSERT INTO `profiles` (`user_id`, `gender`, `birthday`, `photo_id`, `created_at`, `hometown`) VALUES ('94', '', '1970-10-01', '44', '1989-10-27 17:44:00', 'Esperanzamouth');
INSERT INTO `profiles` (`user_id`, `gender`, `birthday`, `photo_id`, `created_at`, `hometown`) VALUES ('95', '', '2022-05-27', '39', '1974-03-05 05:20:10', 'Jaceyfort');
INSERT INTO `profiles` (`user_id`, `gender`, `birthday`, `photo_id`, `created_at`, `hometown`) VALUES ('96', 'f', '2008-02-01', '96', '1989-01-26 21:21:14', 'Camronfurt');
INSERT INTO `profiles` (`user_id`, `gender`, `birthday`, `photo_id`, `created_at`, `hometown`) VALUES ('97', '', '2001-01-11', '39', '1991-05-14 07:45:19', 'New Bridgetteside');
INSERT INTO `profiles` (`user_id`, `gender`, `birthday`, `photo_id`, `created_at`, `hometown`) VALUES ('98', '', '1992-01-27', '36', '2004-12-15 03:11:00', 'West Laynemouth');
INSERT INTO `profiles` (`user_id`, `gender`, `birthday`, `photo_id`, `created_at`, `hometown`) VALUES ('99', 'f', '1999-06-30', '60', '1985-07-30 14:00:13', 'Gaylordborough');
INSERT INTO `profiles` (`user_id`, `gender`, `birthday`, `photo_id`, `created_at`, `hometown`) VALUES ('100', 'f', '2018-01-07', '96', '1986-06-20 15:29:02', 'Port Caterinaside');


#
# TABLE STRUCTURE FOR: users
#

DROP TABLE IF EXISTS `users`;

CREATE TABLE `users` (
  `id` bigint(20) unsigned NOT NULL AUTO_INCREMENT,
  `firstname` varchar(100) COLLATE utf8mb4_unicode_ci DEFAULT NULL,
  `lastname` varchar(100) COLLATE utf8mb4_unicode_ci DEFAULT NULL COMMENT '',
  `email` varchar(100) COLLATE utf8mb4_unicode_ci DEFAULT NULL,
  `password_hash` varchar(100) COLLATE utf8mb4_unicode_ci DEFAULT NULL,
  `phone` bigint(20) DEFAULT NULL,
  `is_deleted` bit(1) DEFAULT b'0',
  PRIMARY KEY (`id`),
  UNIQUE KEY `email` (`email`),
  KEY `users_firstname_lastname_idx` (`firstname`,`lastname`)
) ENGINE=InnoDB AUTO_INCREMENT=101 DEFAULT CHARSET=utf8mb4 COLLATE=utf8mb4_unicode_ci;

INSERT INTO `users` (`id`, `firstname`, `lastname`, `email`, `password_hash`, `phone`, `is_deleted`) VALUES ('1', 'Bella', 'Emard', 'dschiller@example.com', '1108f364381c7b6cd4d9c57faa2806c1b9394a19', '63392102039', '0');
INSERT INTO `users` (`id`, `firstname`, `lastname`, `email`, `password_hash`, `phone`, `is_deleted`) VALUES ('2', 'Lisa', 'Johns', 'tyrese.west@example.org', '90a3193e4c73362315cad06e809633ccb94f4cf1', '23039005279', '0');
INSERT INTO `users` (`id`, `firstname`, `lastname`, `email`, `password_hash`, `phone`, `is_deleted`) VALUES ('3', 'Maximo', 'Raynor', 'hugh.romaguera@example.org', '629ed6638fa3d02cd71607e26088e11a512cb6f9', '34696291184', '0');
INSERT INTO `users` (`id`, `firstname`, `lastname`, `email`, `password_hash`, `phone`, `is_deleted`) VALUES ('4', 'Genevieve', 'Wunsch', 'qward@example.com', 'a6c78d2728f415a6fcb3ff1d0d9abedb622190fb', '40001278811', '0');
INSERT INTO `users` (`id`, `firstname`, `lastname`, `email`, `password_hash`, `phone`, `is_deleted`) VALUES ('5', 'Mitchell', 'Runolfsson', 'schmidt.kelsi@example.org', '24614394be49eae53a6cf2902262d8aecfa7a3a5', '51041389245', '1');
INSERT INTO `users` (`id`, `firstname`, `lastname`, `email`, `password_hash`, `phone`, `is_deleted`) VALUES ('6', 'Madyson', 'Aufderhar', 'dora89@example.net', 'bb438d8eabefc8562fe3312408d9092e1239ae1d', '17104481141', '1');
INSERT INTO `users` (`id`, `firstname`, `lastname`, `email`, `password_hash`, `phone`, `is_deleted`) VALUES ('7', 'Westley', 'Roob', 'korbin53@example.com', 'b4baf345840afeb0864a797c586d8e08ac475219', '37186406393', '1');
INSERT INTO `users` (`id`, `firstname`, `lastname`, `email`, `password_hash`, `phone`, `is_deleted`) VALUES ('8', 'Jana', 'Will', 'estel41@example.org', '0ac838ac9d0a8cfb51f137add0eafa6deda6221f', '65490253115', '1');
INSERT INTO `users` (`id`, `firstname`, `lastname`, `email`, `password_hash`, `phone`, `is_deleted`) VALUES ('9', 'Maritza', 'Keebler', 'gbradtke@example.com', '0e2a1aca82f144013008f98f4aa5ed7b79324d9a', '29249188529', '0');
INSERT INTO `users` (`id`, `firstname`, `lastname`, `email`, `password_hash`, `phone`, `is_deleted`) VALUES ('10', 'Fannie', 'Zieme', 'titus51@example.net', '607f9c8bf12decaf08209334e7e98ee6e9866467', '77872275274', '0');
INSERT INTO `users` (`id`, `firstname`, `lastname`, `email`, `password_hash`, `phone`, `is_deleted`) VALUES ('11', 'Jessika', 'Bins', 'vwelch@example.net', '7f899b9a1fe3fa1db603027dc9b6cf1e06ae5b5b', '67287332162', '0');
INSERT INTO `users` (`id`, `firstname`, `lastname`, `email`, `password_hash`, `phone`, `is_deleted`) VALUES ('12', 'Koby', 'Collier', 'abel.emmerich@example.net', '3aca5ae2a829a74ce2c929369d43eae2753b9fa6', '69691917625', '1');
INSERT INTO `users` (`id`, `firstname`, `lastname`, `email`, `password_hash`, `phone`, `is_deleted`) VALUES ('13', 'Arthur', 'Willms', 'mcdermott.giles@example.net', '10716a05511d39df907c244220bbf33dfd178c1b', '59722581566', '1');
INSERT INTO `users` (`id`, `firstname`, `lastname`, `email`, `password_hash`, `phone`, `is_deleted`) VALUES ('14', 'Amya', 'Hegmann', 'iframi@example.net', '6674db09a7eb601d0dfedbafbbed631c8ad878ea', '27192663654', '1');
INSERT INTO `users` (`id`, `firstname`, `lastname`, `email`, `password_hash`, `phone`, `is_deleted`) VALUES ('15', 'Skye', 'Prosacco', 'misty01@example.org', 'b6e782c62a5a364987199276db1f5daab1c88f48', '17190632213', '1');
INSERT INTO `users` (`id`, `firstname`, `lastname`, `email`, `password_hash`, `phone`, `is_deleted`) VALUES ('16', 'Crawford', 'Tremblay', 'sgreenholt@example.org', 'f3091c80624fa42ed5282d1d06e6f6725c827185', '54858727471', '0');
INSERT INTO `users` (`id`, `firstname`, `lastname`, `email`, `password_hash`, `phone`, `is_deleted`) VALUES ('17', 'Elinor', 'Cartwright', 'srutherford@example.net', 'bb62df646c438444e960c934851434f7a3d5a632', '61833844889', '0');
INSERT INTO `users` (`id`, `firstname`, `lastname`, `email`, `password_hash`, `phone`, `is_deleted`) VALUES ('18', 'Santa', 'Little', 'io\'kon@example.com', 'b7b54daec66292e13af11f2afc053e03d602125e', '3540464273', '0');
INSERT INTO `users` (`id`, `firstname`, `lastname`, `email`, `password_hash`, `phone`, `is_deleted`) VALUES ('19', 'Jamie', 'Jast', 'itorphy@example.com', 'c6226494e434e06c5cfee846539242f5bde3d03a', '86511875988', '0');
INSERT INTO `users` (`id`, `firstname`, `lastname`, `email`, `password_hash`, `phone`, `is_deleted`) VALUES ('20', 'Beatrice', 'Heaney', 'mjakubowski@example.net', 'ce0a8eddfac03821509b75c74477c0630db95285', '63062641612', '1');
INSERT INTO `users` (`id`, `firstname`, `lastname`, `email`, `password_hash`, `phone`, `is_deleted`) VALUES ('21', 'Anita', 'Hayes', 'ogorczany@example.org', '58ccc33744f4e1f137dd2a21ca4582f82dafc152', '14095650623', '1');
INSERT INTO `users` (`id`, `firstname`, `lastname`, `email`, `password_hash`, `phone`, `is_deleted`) VALUES ('22', 'Peyton', 'Murray', 'metz.myron@example.org', '0d0a791268d673fa7e7df1b1912ff9ffba7797fa', '70608848691', '1');
INSERT INTO `users` (`id`, `firstname`, `lastname`, `email`, `password_hash`, `phone`, `is_deleted`) VALUES ('23', 'Zackery', 'Reichel', 'katlyn46@example.org', 'c3abc63c29752385e95da13b1d7f2368ae99e583', '17614661598', '0');
INSERT INTO `users` (`id`, `firstname`, `lastname`, `email`, `password_hash`, `phone`, `is_deleted`) VALUES ('24', 'Fabiola', 'Dare', 'hilll.valentine@example.net', 'e55057ba7968a0d381ce2a91706314e890e2cbb4', '88882918206', '0');
INSERT INTO `users` (`id`, `firstname`, `lastname`, `email`, `password_hash`, `phone`, `is_deleted`) VALUES ('25', 'Sophia', 'Boyle', 'kirlin.jaylin@example.org', 'eb7f7d3a6c2e8174476e081b1eb7dec2ba9d8f40', '67355918076', '0');
INSERT INTO `users` (`id`, `firstname`, `lastname`, `email`, `password_hash`, `phone`, `is_deleted`) VALUES ('26', 'Dashawn', 'Block', 'ksawayn@example.net', '705efc1334f4011d2c1bb4798f1d9a61447fc68b', '44405428400', '0');
INSERT INTO `users` (`id`, `firstname`, `lastname`, `email`, `password_hash`, `phone`, `is_deleted`) VALUES ('27', 'Ariel', 'Pacocha', 'fgusikowski@example.com', 'a4fa1e829dff4d19bab96295f33953bd89bcd483', '80134985944', '1');
INSERT INTO `users` (`id`, `firstname`, `lastname`, `email`, `password_hash`, `phone`, `is_deleted`) VALUES ('28', 'Pink', 'Murray', 'heaven67@example.net', '8fe3a24c98e8d6248504f6d2a45e997c1fa24c52', '11508331603', '1');
INSERT INTO `users` (`id`, `firstname`, `lastname`, `email`, `password_hash`, `phone`, `is_deleted`) VALUES ('29', 'Gaetano', 'Pfeffer', 'korey.becker@example.com', 'ed2cd8172b51b92bf0a3a0cc26a8ea24befc3476', '63360292257', '0');
INSERT INTO `users` (`id`, `firstname`, `lastname`, `email`, `password_hash`, `phone`, `is_deleted`) VALUES ('30', 'Kathryn', 'Powlowski', 'beatty.josh@example.com', '1a2ae8cfc37c7541fcc0c9048f385a66f8e6ea46', '879675416', '1');
INSERT INTO `users` (`id`, `firstname`, `lastname`, `email`, `password_hash`, `phone`, `is_deleted`) VALUES ('31', 'Rowland', 'Cormier', 'jacobson.birdie@example.com', '3f5dc3cb486b3309ac19935cbbaca1e5562adc3c', '11289104182', '0');
INSERT INTO `users` (`id`, `firstname`, `lastname`, `email`, `password_hash`, `phone`, `is_deleted`) VALUES ('32', 'Camille', 'Hudson', 'annamarie.mohr@example.net', 'c59ca807293e9c0ca730aeda9907dde0dfa4788f', '24068506917', '1');
INSERT INTO `users` (`id`, `firstname`, `lastname`, `email`, `password_hash`, `phone`, `is_deleted`) VALUES ('33', 'Dejon', 'Effertz', 'lbrakus@example.org', '005cb853fe3b47018db1795ee38e707682bcac6b', '88321415973', '0');
INSERT INTO `users` (`id`, `firstname`, `lastname`, `email`, `password_hash`, `phone`, `is_deleted`) VALUES ('34', 'Loyce', 'Labadie', 'tamia.russel@example.net', '3eaa53d7f08dc615dc4b98e1699ebc0227910e73', '22196935786', '1');
INSERT INTO `users` (`id`, `firstname`, `lastname`, `email`, `password_hash`, `phone`, `is_deleted`) VALUES ('35', 'Hildegard', 'Batz', 'xcarter@example.com', '87aca4a0f17e65cbb999a946175c586da5432b85', '18805428237', '1');
INSERT INTO `users` (`id`, `firstname`, `lastname`, `email`, `password_hash`, `phone`, `is_deleted`) VALUES ('36', 'Fritz', 'Rogahn', 'swisoky@example.org', '9fdd9f641b7fd5a095038783039f6a91bb39991c', '58054850641', '0');
INSERT INTO `users` (`id`, `firstname`, `lastname`, `email`, `password_hash`, `phone`, `is_deleted`) VALUES ('37', 'Adelle', 'Altenwerth', 'bosco.myrtice@example.org', 'a2d6148678fabc6f08ac1900910865c54a7f9fc2', '19238865104', '0');
INSERT INTO `users` (`id`, `firstname`, `lastname`, `email`, `password_hash`, `phone`, `is_deleted`) VALUES ('38', 'Dorothy', 'Ratke', 'dangelo.cormier@example.org', '7abba251eb4c7ddc556236048cd06cef0400f061', '86968793052', '0');
INSERT INTO `users` (`id`, `firstname`, `lastname`, `email`, `password_hash`, `phone`, `is_deleted`) VALUES ('39', 'Alberta', 'Volkman', 'schaefer.darron@example.org', 'e7ad4656d6ce849eadc99833e2b6be7b738fdf6c', '18785924357', '0');
INSERT INTO `users` (`id`, `firstname`, `lastname`, `email`, `password_hash`, `phone`, `is_deleted`) VALUES ('40', 'Alta', 'Kreiger', 'bruen.lavinia@example.org', '0b850ce3dffb2fcb77601adc83864ed8ab91d39e', '8794140909', '0');
INSERT INTO `users` (`id`, `firstname`, `lastname`, `email`, `password_hash`, `phone`, `is_deleted`) VALUES ('41', 'Owen', 'Bartoletti', 'harber.verda@example.net', '9d806d43ad8eca68a978e21a86f66a101f47eb94', '76209990591', '0');
INSERT INTO `users` (`id`, `firstname`, `lastname`, `email`, `password_hash`, `phone`, `is_deleted`) VALUES ('42', 'Sienna', 'Schiller', 'schoen.lizeth@example.com', 'cdf0ac5170e5d6dfa90e14169c361d5ae05b8dbf', '75991591694', '0');
INSERT INTO `users` (`id`, `firstname`, `lastname`, `email`, `password_hash`, `phone`, `is_deleted`) VALUES ('43', 'Kamryn', 'Stanton', 'heller.madaline@example.com', '6ef17572bcd34a7a80e508e5750710d8ab5e0e8c', '63545435572', '0');
INSERT INTO `users` (`id`, `firstname`, `lastname`, `email`, `password_hash`, `phone`, `is_deleted`) VALUES ('44', 'Sylvia', 'Hartmann', 'glen79@example.net', '0eb31d8ac21c80c9fab22be4e55e2f8f31fc7e9b', '60608555559', '0');
INSERT INTO `users` (`id`, `firstname`, `lastname`, `email`, `password_hash`, `phone`, `is_deleted`) VALUES ('45', 'Rex', 'Jast', 'jolson@example.com', '7e7c03e712effe15ad9f7e53829164b822c7520c', '85832676806', '1');
INSERT INTO `users` (`id`, `firstname`, `lastname`, `email`, `password_hash`, `phone`, `is_deleted`) VALUES ('46', 'Jewel', 'Halvorson', 'okoss@example.net', '48e4cdf256187b54771fed5c82765442c3c001e2', '25426123258', '0');
INSERT INTO `users` (`id`, `firstname`, `lastname`, `email`, `password_hash`, `phone`, `is_deleted`) VALUES ('47', 'Janelle', 'McKenzie', 'sipes.deon@example.com', '3abb42784ab6ecd52bef82e0e6d279524cca6cc9', '77973518927', '0');
INSERT INTO `users` (`id`, `firstname`, `lastname`, `email`, `password_hash`, `phone`, `is_deleted`) VALUES ('48', 'Ellen', 'Bogan', 'dbreitenberg@example.net', 'd438b30093857074bb5877c7e621e80a86f62fd5', '80612973064', '1');
INSERT INTO `users` (`id`, `firstname`, `lastname`, `email`, `password_hash`, `phone`, `is_deleted`) VALUES ('49', 'Abner', 'Hansen', 'ankunding.jalon@example.com', 'cd7a14d620e5902d6cfee8dc9de1786dccf59fd6', '34518403479', '0');
INSERT INTO `users` (`id`, `firstname`, `lastname`, `email`, `password_hash`, `phone`, `is_deleted`) VALUES ('50', 'Dario', 'Hagenes', 'anthony55@example.org', '346bd25db4af66c0254bcd8dd220525835e396b2', '68702392919', '0');
INSERT INTO `users` (`id`, `firstname`, `lastname`, `email`, `password_hash`, `phone`, `is_deleted`) VALUES ('51', 'Ethan', 'Murray', 'abbott.dashawn@example.net', '53e91f47aa5e486d701583c8f8c84e6a0042a821', '74873127287', '1');
INSERT INTO `users` (`id`, `firstname`, `lastname`, `email`, `password_hash`, `phone`, `is_deleted`) VALUES ('52', 'Laury', 'Trantow', 'kyra03@example.org', 'eade79fe9a503da58f6ab6d0c36d5cfaedc201f4', '82330297885', '1');
INSERT INTO `users` (`id`, `firstname`, `lastname`, `email`, `password_hash`, `phone`, `is_deleted`) VALUES ('53', 'Kenneth', 'Gusikowski', 'buster.collins@example.org', '293ce3bf71f204a87e0f5ab357dd2d8c87d9cf25', '40777268597', '1');
INSERT INTO `users` (`id`, `firstname`, `lastname`, `email`, `password_hash`, `phone`, `is_deleted`) VALUES ('54', 'Kaleigh', 'Hauck', 'kaden24@example.net', 'c1242d756c227b04ee7972895e11f6f1c8d8d6dd', '15855878108', '0');
INSERT INTO `users` (`id`, `firstname`, `lastname`, `email`, `password_hash`, `phone`, `is_deleted`) VALUES ('55', 'Oswald', 'White', 'sd\'amore@example.net', '0110d377c21a695d02989ccda3cb6e30569fc17b', '57939091881', '1');
INSERT INTO `users` (`id`, `firstname`, `lastname`, `email`, `password_hash`, `phone`, `is_deleted`) VALUES ('56', 'Madilyn', 'Toy', 'cpollich@example.net', 'f63048c12509f9a93177ca07261697afa38ccbed', '37568059257', '1');
INSERT INTO `users` (`id`, `firstname`, `lastname`, `email`, `password_hash`, `phone`, `is_deleted`) VALUES ('57', 'Rolando', 'Kunze', 'jerad.kris@example.net', '073abfb0ee47e24da227d2eb1e138e47b27b93a9', '37413251799', '0');
INSERT INTO `users` (`id`, `firstname`, `lastname`, `email`, `password_hash`, `phone`, `is_deleted`) VALUES ('58', 'Coby', 'Volkman', 'emmanuel65@example.org', '3ff780a5427fe17e76785922164ca4237d27b423', '31072465932', '1');
INSERT INTO `users` (`id`, `firstname`, `lastname`, `email`, `password_hash`, `phone`, `is_deleted`) VALUES ('59', 'Sallie', 'Halvorson', 'kory55@example.net', '8701ac9aa85d4fd99a7ccbd0a33387d3ee161982', '28030087367', '1');
INSERT INTO `users` (`id`, `firstname`, `lastname`, `email`, `password_hash`, `phone`, `is_deleted`) VALUES ('60', 'Berneice', 'Thompson', 'will.linnie@example.com', '9a0fea0faa3e7bbbad0df215b91dfc945dba9460', '34862214368', '0');
INSERT INTO `users` (`id`, `firstname`, `lastname`, `email`, `password_hash`, `phone`, `is_deleted`) VALUES ('61', 'Monique', 'Connelly', 'ehilll@example.net', 'b9de6f587f41e5073850b1c12fc2c8564fe8e351', '9034057923', '1');
INSERT INTO `users` (`id`, `firstname`, `lastname`, `email`, `password_hash`, `phone`, `is_deleted`) VALUES ('62', 'Timmothy', 'Dickinson', 'melvin.fritsch@example.com', '54e09ee8aee30ec42b94cb20bbea0c2193962626', '86740028269', '1');
INSERT INTO `users` (`id`, `firstname`, `lastname`, `email`, `password_hash`, `phone`, `is_deleted`) VALUES ('63', 'Georgianna', 'Leuschke', 'alana.gibson@example.org', '54aebc39751d28a967c5bcc14a0a353849babd35', '62052182272', '1');
INSERT INTO `users` (`id`, `firstname`, `lastname`, `email`, `password_hash`, `phone`, `is_deleted`) VALUES ('64', 'Alene', 'Wolf', 'ahmed38@example.net', 'dee4806a2a25bd9efe25bacd828f4287419a9355', '58425567327', '1');
INSERT INTO `users` (`id`, `firstname`, `lastname`, `email`, `password_hash`, `phone`, `is_deleted`) VALUES ('65', 'Gregg', 'Gutkowski', 'sienna.o\'hara@example.com', '633aeee508a789bf6994c9b883ab5dc65ae735ef', '59288281092', '0');
INSERT INTO `users` (`id`, `firstname`, `lastname`, `email`, `password_hash`, `phone`, `is_deleted`) VALUES ('66', 'Art', 'Reynolds', 'leonel50@example.com', '931b9afe1395204c40a6254125438066924a19fd', '29430197119', '1');
INSERT INTO `users` (`id`, `firstname`, `lastname`, `email`, `password_hash`, `phone`, `is_deleted`) VALUES ('67', 'Hank', 'Bernhard', 'legros.cameron@example.org', '8080914940d7418843bd8fcfdc40de1f7d13d14b', '49578159693', '0');
INSERT INTO `users` (`id`, `firstname`, `lastname`, `email`, `password_hash`, `phone`, `is_deleted`) VALUES ('68', 'Jevon', 'Parker', 'alena31@example.com', '990c3b6cd2f5cefe10d6a34120efa46561a8ec11', '51040397591', '1');
INSERT INTO `users` (`id`, `firstname`, `lastname`, `email`, `password_hash`, `phone`, `is_deleted`) VALUES ('69', 'Golden', 'Cassin', 'collier.richmond@example.org', '10921cea477d7ccc820d19074c8fb4d2e0e4a029', '52362378867', '1');
INSERT INTO `users` (`id`, `firstname`, `lastname`, `email`, `password_hash`, `phone`, `is_deleted`) VALUES ('70', 'Sabrina', 'Kassulke', 'katheryn89@example.net', '16e87445717721f70e66951bfd74c4fddb8446de', '73057903356', '1');
INSERT INTO `users` (`id`, `firstname`, `lastname`, `email`, `password_hash`, `phone`, `is_deleted`) VALUES ('71', 'Dustin', 'Kihn', 'rweissnat@example.org', 'ee82964194dd3f67a9fe5e741b4d3afefc47ff4d', '57849652846', '0');
INSERT INTO `users` (`id`, `firstname`, `lastname`, `email`, `password_hash`, `phone`, `is_deleted`) VALUES ('72', 'Aleen', 'Schneider', 'williamson.kamryn@example.org', '7f01f10ffccd6d3e5965610e10c5aa9379c848fb', '39545586005', '0');
INSERT INTO `users` (`id`, `firstname`, `lastname`, `email`, `password_hash`, `phone`, `is_deleted`) VALUES ('73', 'Madelyn', 'Franecki', 'keaton.ward@example.org', 'ec571ce7374210886023fb63cade207133f1d150', '37359881807', '1');
INSERT INTO `users` (`id`, `firstname`, `lastname`, `email`, `password_hash`, `phone`, `is_deleted`) VALUES ('74', 'Burley', 'Streich', 'harvey.melisa@example.org', 'cc9abaf42e2fd7cd4c1c1cca7bd25e514ab81aee', '38892347359', '1');
INSERT INTO `users` (`id`, `firstname`, `lastname`, `email`, `password_hash`, `phone`, `is_deleted`) VALUES ('75', 'Ike', 'Prosacco', 'madilyn93@example.net', '2043afe9aa57a1f0cf1eba961b5b777088c65ff1', '80812405789', '0');
INSERT INTO `users` (`id`, `firstname`, `lastname`, `email`, `password_hash`, `phone`, `is_deleted`) VALUES ('76', 'Fletcher', 'Kihn', 'swaniawski.brandy@example.com', 'c356525c76aac499a23a4e126a8669c26149cc34', '78367265783', '1');
INSERT INTO `users` (`id`, `firstname`, `lastname`, `email`, `password_hash`, `phone`, `is_deleted`) VALUES ('77', 'Paris', 'Stanton', 'sabina37@example.com', '1c0eaff1324fb8b3dc0f6219dd3a5ce9f87b5aaf', '3858089453', '0');
INSERT INTO `users` (`id`, `firstname`, `lastname`, `email`, `password_hash`, `phone`, `is_deleted`) VALUES ('78', 'Annie', 'Bergnaum', 'hoeger.oda@example.com', '25520ddccceb9583360e3b73452e868840e1c039', '56803688768', '1');
INSERT INTO `users` (`id`, `firstname`, `lastname`, `email`, `password_hash`, `phone`, `is_deleted`) VALUES ('79', 'Robb', 'O\'Kon', 'paula.kunde@example.com', '5e00ff5be441388c1da3cb8b5c4af38c8415b218', '902458314', '0');
INSERT INTO `users` (`id`, `firstname`, `lastname`, `email`, `password_hash`, `phone`, `is_deleted`) VALUES ('80', 'Garrett', 'Connelly', 'palma21@example.net', '6e60530d94b80ae3c48f28d088ea101bd419480f', '60887592388', '0');
INSERT INTO `users` (`id`, `firstname`, `lastname`, `email`, `password_hash`, `phone`, `is_deleted`) VALUES ('81', 'Erwin', 'Brekke', 'goyette.robb@example.com', 'abee27f175e47f68fac24b4d1a1488da2a845f07', '79671783530', '0');
INSERT INTO `users` (`id`, `firstname`, `lastname`, `email`, `password_hash`, `phone`, `is_deleted`) VALUES ('82', 'Sydnie', 'D\'Amore', 'bschinner@example.org', '1339bfce1d5fb9e298db81b6548a83c06c5566be', '7030991305', '0');
INSERT INTO `users` (`id`, `firstname`, `lastname`, `email`, `password_hash`, `phone`, `is_deleted`) VALUES ('83', 'Betty', 'Kemmer', 'yasmeen.deckow@example.org', 'c7da3323030a521ad3305746dd6f6ff4d6353643', '10418020376', '1');
INSERT INTO `users` (`id`, `firstname`, `lastname`, `email`, `password_hash`, `phone`, `is_deleted`) VALUES ('84', 'Clemmie', 'Hickle', 'cconsidine@example.net', 'b515275dedc40acc9f27b9de771aa049fdab6577', '50448821571', '1');
INSERT INTO `users` (`id`, `firstname`, `lastname`, `email`, `password_hash`, `phone`, `is_deleted`) VALUES ('85', 'Vicky', 'Kuhn', 'art.breitenberg@example.org', '260b1854c7d88d68d64841c8794481f96abfa32c', '20891486519', '1');
INSERT INTO `users` (`id`, `firstname`, `lastname`, `email`, `password_hash`, `phone`, `is_deleted`) VALUES ('86', 'Katelynn', 'Fritsch', 'zrau@example.net', 'cb78e8c548a7aad973b783343e0d2eddda542e05', '55794715364', '0');
INSERT INTO `users` (`id`, `firstname`, `lastname`, `email`, `password_hash`, `phone`, `is_deleted`) VALUES ('87', 'Ubaldo', 'Leannon', 'iromaguera@example.net', '122c52aa357da1aa5e0b499a91e3d66109770d36', '50602425976', '1');
INSERT INTO `users` (`id`, `firstname`, `lastname`, `email`, `password_hash`, `phone`, `is_deleted`) VALUES ('88', 'Obie', 'Shanahan', 'noel75@example.net', 'fd9d93e9f9e91a733f1199224392b83b2c612a71', '88311851535', '1');
INSERT INTO `users` (`id`, `firstname`, `lastname`, `email`, `password_hash`, `phone`, `is_deleted`) VALUES ('89', 'Javier', 'Leffler', 'vmarks@example.net', '845321018af38f5f2a35d26df11cda0d6e8bf363', '87284445160', '1');
INSERT INTO `users` (`id`, `firstname`, `lastname`, `email`, `password_hash`, `phone`, `is_deleted`) VALUES ('90', 'Reyes', 'Nienow', 'nikolas.bruen@example.com', '2312615079e7409a6742e3ea1a003e6c1c2729d8', '3320569610', '1');
INSERT INTO `users` (`id`, `firstname`, `lastname`, `email`, `password_hash`, `phone`, `is_deleted`) VALUES ('91', 'Tobin', 'Cartwright', 'moen.adolfo@example.net', '9f7b9c41d03ead5e99c1b1b66a3d158f016d7c01', '31175958348', '0');
INSERT INTO `users` (`id`, `firstname`, `lastname`, `email`, `password_hash`, `phone`, `is_deleted`) VALUES ('92', 'Adam', 'Ryan', 'ambrose.mckenzie@example.net', '62488977ac3d43442fb1e4f85d967719a892930f', '5633859238', '0');
INSERT INTO `users` (`id`, `firstname`, `lastname`, `email`, `password_hash`, `phone`, `is_deleted`) VALUES ('93', 'Alyce', 'Kovacek', 'rosie.beer@example.com', 'f8e7bd73ee55454360b7a00ff7edfc2b55508edb', '66564338782', '0');
INSERT INTO `users` (`id`, `firstname`, `lastname`, `email`, `password_hash`, `phone`, `is_deleted`) VALUES ('94', 'Vaughn', 'Zemlak', 'freeda53@example.com', '0e9818a8f3a905359049d7bc2f27101a0b808eeb', '57331563484', '0');
INSERT INTO `users` (`id`, `firstname`, `lastname`, `email`, `password_hash`, `phone`, `is_deleted`) VALUES ('95', 'Jewell', 'Christiansen', 'wolf.cordelia@example.org', 'f5af00fe086450a5367b09cb51d68ae4ac5330d3', '64231125979', '1');
INSERT INTO `users` (`id`, `firstname`, `lastname`, `email`, `password_hash`, `phone`, `is_deleted`) VALUES ('96', 'Murl', 'Reichert', 'ckirlin@example.net', 'c23ac759ab2afae8f40de5105d8ab9574650d98b', '3419011722', '1');
INSERT INTO `users` (`id`, `firstname`, `lastname`, `email`, `password_hash`, `phone`, `is_deleted`) VALUES ('97', 'Kaycee', 'Huels', 'klein.donato@example.com', '2e44abce4c3fcee25a29658333c8e10d7ccab2f9', '88859002235', '1');
INSERT INTO `users` (`id`, `firstname`, `lastname`, `email`, `password_hash`, `phone`, `is_deleted`) VALUES ('98', 'Roger', 'Hoeger', 'delpha.haag@example.com', '759f37443f2ff06757469a9659e66a5b71f50761', '34281288876', '1');
INSERT INTO `users` (`id`, `firstname`, `lastname`, `email`, `password_hash`, `phone`, `is_deleted`) VALUES ('99', 'Gaston', 'D\'Amore', 'rwelch@example.org', 'c6b3b0e6a97d96d1d6852c8eacb33a7645b6b2be', '63206731080', '0');
INSERT INTO `users` (`id`, `firstname`, `lastname`, `email`, `password_hash`, `phone`, `is_deleted`) VALUES ('100', 'Roberto', 'Powlowski', 'alvera81@example.org', '60099df9bc67875ba392166adee8805196fad3fd', '71591454421', '0');


